--
-- PostgreSQL database dump
--

-- Dumped from database version 16.0
-- Dumped by pg_dump version 16.0

SET statement_timeout = 0;
SET lock_timeout = 0;
SET idle_in_transaction_session_timeout = 0;
SET client_encoding = 'UTF8';
SET standard_conforming_strings = on;
SELECT pg_catalog.set_config('search_path', '', false);
SET check_function_bodies = false;
SET xmloption = content;
SET client_min_messages = warning;
SET row_security = off;

--
-- Name: adminpack; Type: EXTENSION; Schema: -; Owner: -
--

CREATE EXTENSION IF NOT EXISTS adminpack WITH SCHEMA pg_catalog;


--
-- Name: EXTENSION adminpack; Type: COMMENT; Schema: -; Owner: 
--

COMMENT ON EXTENSION adminpack IS 'administrative functions for PostgreSQL';


SET default_tablespace = '';

SET default_table_access_method = heap;

--
-- Name: admin_interface_theme; Type: TABLE; Schema: public; Owner: postgres
--

CREATE TABLE public.admin_interface_theme (
    id integer NOT NULL,
    name character varying(50) NOT NULL,
    active boolean NOT NULL,
    title character varying(50) NOT NULL,
    title_visible boolean NOT NULL,
    logo character varying(100) NOT NULL,
    logo_visible boolean NOT NULL,
    css_header_background_color character varying(10) NOT NULL,
    title_color character varying(10) NOT NULL,
    css_header_text_color character varying(10) NOT NULL,
    css_header_link_color character varying(10) NOT NULL,
    css_header_link_hover_color character varying(10) NOT NULL,
    css_module_background_color character varying(10) NOT NULL,
    css_module_text_color character varying(10) NOT NULL,
    css_module_link_color character varying(10) NOT NULL,
    css_module_link_hover_color character varying(10) NOT NULL,
    css_module_rounded_corners boolean NOT NULL,
    css_generic_link_color character varying(10) NOT NULL,
    css_generic_link_hover_color character varying(10) NOT NULL,
    css_save_button_background_color character varying(10) NOT NULL,
    css_save_button_background_hover_color character varying(10) NOT NULL,
    css_save_button_text_color character varying(10) NOT NULL,
    css_delete_button_background_color character varying(10) NOT NULL,
    css_delete_button_background_hover_color character varying(10) NOT NULL,
    css_delete_button_text_color character varying(10) NOT NULL,
    list_filter_dropdown boolean NOT NULL,
    related_modal_active boolean NOT NULL,
    related_modal_background_color character varying(10) NOT NULL,
    related_modal_rounded_corners boolean NOT NULL,
    logo_color character varying(10) NOT NULL,
    recent_actions_visible boolean NOT NULL,
    favicon character varying(100) NOT NULL,
    related_modal_background_opacity character varying(5) NOT NULL,
    env_name character varying(50) NOT NULL,
    env_visible_in_header boolean NOT NULL,
    env_color character varying(10) NOT NULL,
    env_visible_in_favicon boolean NOT NULL,
    related_modal_close_button_visible boolean NOT NULL,
    language_chooser_active boolean NOT NULL,
    language_chooser_display character varying(10) NOT NULL,
    list_filter_sticky boolean NOT NULL,
    form_pagination_sticky boolean NOT NULL,
    form_submit_sticky boolean NOT NULL,
    css_module_background_selected_color character varying(10) NOT NULL,
    css_module_link_selected_color character varying(10) NOT NULL,
    logo_max_height smallint NOT NULL,
    logo_max_width smallint NOT NULL,
    foldable_apps boolean NOT NULL,
    language_chooser_control character varying(20) NOT NULL,
    list_filter_highlight boolean NOT NULL,
    list_filter_removal_links boolean NOT NULL,
    show_fieldsets_as_tabs boolean NOT NULL,
    show_inlines_as_tabs boolean NOT NULL,
    css_generic_link_active_color character varying(10) NOT NULL,
    collapsible_stacked_inlines boolean NOT NULL,
    collapsible_stacked_inlines_collapsed boolean NOT NULL,
    collapsible_tabular_inlines boolean NOT NULL,
    collapsible_tabular_inlines_collapsed boolean NOT NULL,
    CONSTRAINT admin_interface_theme_logo_max_height_check CHECK ((logo_max_height >= 0)),
    CONSTRAINT admin_interface_theme_logo_max_width_check CHECK ((logo_max_width >= 0))
);


ALTER TABLE public.admin_interface_theme OWNER TO postgres;

--
-- Name: admin_interface_theme_id_seq; Type: SEQUENCE; Schema: public; Owner: postgres
--

ALTER TABLE public.admin_interface_theme ALTER COLUMN id ADD GENERATED BY DEFAULT AS IDENTITY (
    SEQUENCE NAME public.admin_interface_theme_id_seq
    START WITH 1
    INCREMENT BY 1
    NO MINVALUE
    NO MAXVALUE
    CACHE 1
);


--
-- Name: auth_group; Type: TABLE; Schema: public; Owner: postgres
--

CREATE TABLE public.auth_group (
    id integer NOT NULL,
    name character varying(150) NOT NULL
);


ALTER TABLE public.auth_group OWNER TO postgres;

--
-- Name: auth_group_id_seq; Type: SEQUENCE; Schema: public; Owner: postgres
--

ALTER TABLE public.auth_group ALTER COLUMN id ADD GENERATED BY DEFAULT AS IDENTITY (
    SEQUENCE NAME public.auth_group_id_seq
    START WITH 1
    INCREMENT BY 1
    NO MINVALUE
    NO MAXVALUE
    CACHE 1
);


--
-- Name: auth_group_permissions; Type: TABLE; Schema: public; Owner: postgres
--

CREATE TABLE public.auth_group_permissions (
    id bigint NOT NULL,
    group_id integer NOT NULL,
    permission_id integer NOT NULL
);


ALTER TABLE public.auth_group_permissions OWNER TO postgres;

--
-- Name: auth_group_permissions_id_seq; Type: SEQUENCE; Schema: public; Owner: postgres
--

ALTER TABLE public.auth_group_permissions ALTER COLUMN id ADD GENERATED BY DEFAULT AS IDENTITY (
    SEQUENCE NAME public.auth_group_permissions_id_seq
    START WITH 1
    INCREMENT BY 1
    NO MINVALUE
    NO MAXVALUE
    CACHE 1
);


--
-- Name: auth_permission; Type: TABLE; Schema: public; Owner: postgres
--

CREATE TABLE public.auth_permission (
    id integer NOT NULL,
    name character varying(255) NOT NULL,
    content_type_id integer NOT NULL,
    codename character varying(100) NOT NULL
);


ALTER TABLE public.auth_permission OWNER TO postgres;

--
-- Name: auth_permission_id_seq; Type: SEQUENCE; Schema: public; Owner: postgres
--

ALTER TABLE public.auth_permission ALTER COLUMN id ADD GENERATED BY DEFAULT AS IDENTITY (
    SEQUENCE NAME public.auth_permission_id_seq
    START WITH 1
    INCREMENT BY 1
    NO MINVALUE
    NO MAXVALUE
    CACHE 1
);


--
-- Name: auth_user; Type: TABLE; Schema: public; Owner: postgres
--

CREATE TABLE public.auth_user (
    id integer NOT NULL,
    password character varying(128) NOT NULL,
    last_login timestamp with time zone,
    is_superuser boolean NOT NULL,
    username character varying(150) NOT NULL,
    first_name character varying(150) NOT NULL,
    last_name character varying(150) NOT NULL,
    email character varying(254) NOT NULL,
    is_staff boolean NOT NULL,
    is_active boolean NOT NULL,
    date_joined timestamp with time zone NOT NULL
);


ALTER TABLE public.auth_user OWNER TO postgres;

--
-- Name: auth_user_groups; Type: TABLE; Schema: public; Owner: postgres
--

CREATE TABLE public.auth_user_groups (
    id bigint NOT NULL,
    user_id integer NOT NULL,
    group_id integer NOT NULL
);


ALTER TABLE public.auth_user_groups OWNER TO postgres;

--
-- Name: auth_user_groups_id_seq; Type: SEQUENCE; Schema: public; Owner: postgres
--

ALTER TABLE public.auth_user_groups ALTER COLUMN id ADD GENERATED BY DEFAULT AS IDENTITY (
    SEQUENCE NAME public.auth_user_groups_id_seq
    START WITH 1
    INCREMENT BY 1
    NO MINVALUE
    NO MAXVALUE
    CACHE 1
);


--
-- Name: auth_user_id_seq; Type: SEQUENCE; Schema: public; Owner: postgres
--

ALTER TABLE public.auth_user ALTER COLUMN id ADD GENERATED BY DEFAULT AS IDENTITY (
    SEQUENCE NAME public.auth_user_id_seq
    START WITH 1
    INCREMENT BY 1
    NO MINVALUE
    NO MAXVALUE
    CACHE 1
);


--
-- Name: auth_user_user_permissions; Type: TABLE; Schema: public; Owner: postgres
--

CREATE TABLE public.auth_user_user_permissions (
    id bigint NOT NULL,
    user_id integer NOT NULL,
    permission_id integer NOT NULL
);


ALTER TABLE public.auth_user_user_permissions OWNER TO postgres;

--
-- Name: auth_user_user_permissions_id_seq; Type: SEQUENCE; Schema: public; Owner: postgres
--

ALTER TABLE public.auth_user_user_permissions ALTER COLUMN id ADD GENERATED BY DEFAULT AS IDENTITY (
    SEQUENCE NAME public.auth_user_user_permissions_id_seq
    START WITH 1
    INCREMENT BY 1
    NO MINVALUE
    NO MAXVALUE
    CACHE 1
);


--
-- Name: django_admin_log; Type: TABLE; Schema: public; Owner: postgres
--

CREATE TABLE public.django_admin_log (
    id integer NOT NULL,
    action_time timestamp with time zone NOT NULL,
    object_id text,
    object_repr character varying(200) NOT NULL,
    action_flag smallint NOT NULL,
    change_message text NOT NULL,
    content_type_id integer,
    user_id integer NOT NULL,
    CONSTRAINT django_admin_log_action_flag_check CHECK ((action_flag >= 0))
);


ALTER TABLE public.django_admin_log OWNER TO postgres;

--
-- Name: django_admin_log_id_seq; Type: SEQUENCE; Schema: public; Owner: postgres
--

ALTER TABLE public.django_admin_log ALTER COLUMN id ADD GENERATED BY DEFAULT AS IDENTITY (
    SEQUENCE NAME public.django_admin_log_id_seq
    START WITH 1
    INCREMENT BY 1
    NO MINVALUE
    NO MAXVALUE
    CACHE 1
);


--
-- Name: django_content_type; Type: TABLE; Schema: public; Owner: postgres
--

CREATE TABLE public.django_content_type (
    id integer NOT NULL,
    app_label character varying(100) NOT NULL,
    model character varying(100) NOT NULL
);


ALTER TABLE public.django_content_type OWNER TO postgres;

--
-- Name: django_content_type_id_seq; Type: SEQUENCE; Schema: public; Owner: postgres
--

ALTER TABLE public.django_content_type ALTER COLUMN id ADD GENERATED BY DEFAULT AS IDENTITY (
    SEQUENCE NAME public.django_content_type_id_seq
    START WITH 1
    INCREMENT BY 1
    NO MINVALUE
    NO MAXVALUE
    CACHE 1
);


--
-- Name: django_migrations; Type: TABLE; Schema: public; Owner: postgres
--

CREATE TABLE public.django_migrations (
    id bigint NOT NULL,
    app character varying(255) NOT NULL,
    name character varying(255) NOT NULL,
    applied timestamp with time zone NOT NULL
);


ALTER TABLE public.django_migrations OWNER TO postgres;

--
-- Name: django_migrations_id_seq; Type: SEQUENCE; Schema: public; Owner: postgres
--

ALTER TABLE public.django_migrations ALTER COLUMN id ADD GENERATED BY DEFAULT AS IDENTITY (
    SEQUENCE NAME public.django_migrations_id_seq
    START WITH 1
    INCREMENT BY 1
    NO MINVALUE
    NO MAXVALUE
    CACHE 1
);


--
-- Name: django_session; Type: TABLE; Schema: public; Owner: postgres
--

CREATE TABLE public.django_session (
    session_key character varying(40) NOT NULL,
    session_data text NOT NULL,
    expire_date timestamp with time zone NOT NULL
);


ALTER TABLE public.django_session OWNER TO postgres;

--
-- Name: events_assignment; Type: TABLE; Schema: public; Owner: postgres
--

CREATE TABLE public.events_assignment (
    id bigint NOT NULL,
    client_id bigint,
    employee_id bigint,
    event_id bigint
);


ALTER TABLE public.events_assignment OWNER TO postgres;

--
-- Name: events_assignment_id_seq; Type: SEQUENCE; Schema: public; Owner: postgres
--

ALTER TABLE public.events_assignment ALTER COLUMN id ADD GENERATED BY DEFAULT AS IDENTITY (
    SEQUENCE NAME public.events_assignment_id_seq
    START WITH 1
    INCREMENT BY 1
    NO MINVALUE
    NO MAXVALUE
    CACHE 1
);


--
-- Name: events_client; Type: TABLE; Schema: public; Owner: postgres
--

CREATE TABLE public.events_client (
    id bigint NOT NULL,
    name character varying(255) NOT NULL,
    e_mail character varying(255),
    phone_number character varying(15)
);


ALTER TABLE public.events_client OWNER TO postgres;

--
-- Name: events_client_id_seq; Type: SEQUENCE; Schema: public; Owner: postgres
--

ALTER TABLE public.events_client ALTER COLUMN id ADD GENERATED BY DEFAULT AS IDENTITY (
    SEQUENCE NAME public.events_client_id_seq
    START WITH 1
    INCREMENT BY 1
    NO MINVALUE
    NO MAXVALUE
    CACHE 1
);


--
-- Name: events_employee; Type: TABLE; Schema: public; Owner: postgres
--

CREATE TABLE public.events_employee (
    id bigint NOT NULL,
    first_name character varying(100) NOT NULL,
    last_name character varying(100),
    specialization character varying(100),
    e_mail character varying(255),
    phone_number character varying(15)
);


ALTER TABLE public.events_employee OWNER TO postgres;

--
-- Name: events_employee_id_seq; Type: SEQUENCE; Schema: public; Owner: postgres
--

ALTER TABLE public.events_employee ALTER COLUMN id ADD GENERATED BY DEFAULT AS IDENTITY (
    SEQUENCE NAME public.events_employee_id_seq
    START WITH 1
    INCREMENT BY 1
    NO MINVALUE
    NO MAXVALUE
    CACHE 1
);


--
-- Name: events_event; Type: TABLE; Schema: public; Owner: postgres
--

CREATE TABLE public.events_event (
    id bigint NOT NULL,
    name character varying(255),
    start_time date,
    end_time date,
    protocol_number character varying(100) NOT NULL,
    seller_id bigint,
    place_id bigint
);


ALTER TABLE public.events_event OWNER TO postgres;

--
-- Name: events_event_clients; Type: TABLE; Schema: public; Owner: postgres
--

CREATE TABLE public.events_event_clients (
    id bigint NOT NULL,
    event_id bigint NOT NULL,
    client_id bigint NOT NULL
);


ALTER TABLE public.events_event_clients OWNER TO postgres;

--
-- Name: events_event_clients_id_seq; Type: SEQUENCE; Schema: public; Owner: postgres
--

ALTER TABLE public.events_event_clients ALTER COLUMN id ADD GENERATED BY DEFAULT AS IDENTITY (
    SEQUENCE NAME public.events_event_clients_id_seq
    START WITH 1
    INCREMENT BY 1
    NO MINVALUE
    NO MAXVALUE
    CACHE 1
);


--
-- Name: events_event_id_seq; Type: SEQUENCE; Schema: public; Owner: postgres
--

ALTER TABLE public.events_event ALTER COLUMN id ADD GENERATED BY DEFAULT AS IDENTITY (
    SEQUENCE NAME public.events_event_id_seq
    START WITH 1
    INCREMENT BY 1
    NO MINVALUE
    NO MAXVALUE
    CACHE 1
);


--
-- Name: events_event_project_managers; Type: TABLE; Schema: public; Owner: postgres
--

CREATE TABLE public.events_event_project_managers (
    id bigint NOT NULL,
    event_id bigint NOT NULL,
    employee_id bigint NOT NULL
);


ALTER TABLE public.events_event_project_managers OWNER TO postgres;

--
-- Name: events_event_project_managers_id_seq; Type: SEQUENCE; Schema: public; Owner: postgres
--

ALTER TABLE public.events_event_project_managers ALTER COLUMN id ADD GENERATED BY DEFAULT AS IDENTITY (
    SEQUENCE NAME public.events_event_project_managers_id_seq
    START WITH 1
    INCREMENT BY 1
    NO MINVALUE
    NO MAXVALUE
    CACHE 1
);


--
-- Name: events_place; Type: TABLE; Schema: public; Owner: postgres
--

CREATE TABLE public.events_place (
    id bigint NOT NULL,
    name character varying(255) NOT NULL,
    address text,
    e_mail character varying(255)
);


ALTER TABLE public.events_place OWNER TO postgres;

--
-- Name: events_place_id_seq; Type: SEQUENCE; Schema: public; Owner: postgres
--

ALTER TABLE public.events_place ALTER COLUMN id ADD GENERATED BY DEFAULT AS IDENTITY (
    SEQUENCE NAME public.events_place_id_seq
    START WITH 1
    INCREMENT BY 1
    NO MINVALUE
    NO MAXVALUE
    CACHE 1
);


--
-- Data for Name: admin_interface_theme; Type: TABLE DATA; Schema: public; Owner: postgres
--

COPY public.admin_interface_theme (id, name, active, title, title_visible, logo, logo_visible, css_header_background_color, title_color, css_header_text_color, css_header_link_color, css_header_link_hover_color, css_module_background_color, css_module_text_color, css_module_link_color, css_module_link_hover_color, css_module_rounded_corners, css_generic_link_color, css_generic_link_hover_color, css_save_button_background_color, css_save_button_background_hover_color, css_save_button_text_color, css_delete_button_background_color, css_delete_button_background_hover_color, css_delete_button_text_color, list_filter_dropdown, related_modal_active, related_modal_background_color, related_modal_rounded_corners, logo_color, recent_actions_visible, favicon, related_modal_background_opacity, env_name, env_visible_in_header, env_color, env_visible_in_favicon, related_modal_close_button_visible, language_chooser_active, language_chooser_display, list_filter_sticky, form_pagination_sticky, form_submit_sticky, css_module_background_selected_color, css_module_link_selected_color, logo_max_height, logo_max_width, foldable_apps, language_chooser_control, list_filter_highlight, list_filter_removal_links, show_fieldsets_as_tabs, show_inlines_as_tabs, css_generic_link_active_color, collapsible_stacked_inlines, collapsible_stacked_inlines_collapsed, collapsible_tabular_inlines, collapsible_tabular_inlines_collapsed) FROM stdin;
1	Django	f	Administracja Django	t		t	#0C4B33	#F5DD5D	#44B78B	#FFFFFF	#C9F0DD	#44B78B	#FFFFFF	#FFFFFF	#C9F0DD	t	#0C3C26	#156641	#0C4B33	#0C3C26	#FFFFFF	#BA2121	#A41515	#FFFFFF	t	t	#000000	t	#FFFFFF	t		0.3		t	#E74C3C	t	t	t	code	t	f	f	#FFFFCC	#FFFFFF	100	400	t	default-select	t	f	f	f	#29B864	f	t	f	t
2	Django2	t	Administracja	f		t	#22234B	#F5DD5D	#3E91E7	#FFFFFF	#6CC9F0	#448CB7	#FFFFFF	#FFFFFF	#CDE3F0	t	#0C2F3C	#154A66	#0D3A4B	#0C2E3C	#FFFFFF	#BA2121	#A41515	#FFFFFF	t	t	#000000	t	#FFFFFF	t		0.3	nucleo	f	#E74C3C	f	t	t	code	t	t	t	#E2E2E2	#FFFFFF	100	400	t	default-select	t	f	t	t	#2982B8	t	t	t	t
\.


--
-- Data for Name: auth_group; Type: TABLE DATA; Schema: public; Owner: postgres
--

COPY public.auth_group (id, name) FROM stdin;
\.


--
-- Data for Name: auth_group_permissions; Type: TABLE DATA; Schema: public; Owner: postgres
--

COPY public.auth_group_permissions (id, group_id, permission_id) FROM stdin;
\.


--
-- Data for Name: auth_permission; Type: TABLE DATA; Schema: public; Owner: postgres
--

COPY public.auth_permission (id, name, content_type_id, codename) FROM stdin;
1	Can add log entry	1	add_logentry
2	Can change log entry	1	change_logentry
3	Can delete log entry	1	delete_logentry
4	Can view log entry	1	view_logentry
5	Can add permission	2	add_permission
6	Can change permission	2	change_permission
7	Can delete permission	2	delete_permission
8	Can view permission	2	view_permission
9	Can add group	3	add_group
10	Can change group	3	change_group
11	Can delete group	3	delete_group
12	Can view group	3	view_group
13	Can add user	4	add_user
14	Can change user	4	change_user
15	Can delete user	4	delete_user
16	Can view user	4	view_user
17	Can add content type	5	add_contenttype
18	Can change content type	5	change_contenttype
19	Can delete content type	5	delete_contenttype
20	Can view content type	5	view_contenttype
21	Can add session	6	add_session
22	Can change session	6	change_session
23	Can delete session	6	delete_session
24	Can view session	6	view_session
25	Can add client	7	add_client
26	Can change client	7	change_client
27	Can delete client	7	delete_client
28	Can view client	7	view_client
29	Can add employee	8	add_employee
30	Can change employee	8	change_employee
31	Can delete employee	8	delete_employee
32	Can view employee	8	view_employee
33	Can add event	9	add_event
34	Can change event	9	change_event
35	Can delete event	9	delete_event
36	Can view event	9	view_event
37	Can add assignment	10	add_assignment
38	Can change assignment	10	change_assignment
39	Can delete assignment	10	delete_assignment
40	Can view assignment	10	view_assignment
41	Can add place	11	add_place
42	Can change place	11	change_place
43	Can delete place	11	delete_place
44	Can view place	11	view_place
45	Can add Theme	12	add_theme
46	Can change Theme	12	change_theme
47	Can delete Theme	12	delete_theme
48	Can view Theme	12	view_theme
\.


--
-- Data for Name: auth_user; Type: TABLE DATA; Schema: public; Owner: postgres
--

COPY public.auth_user (id, password, last_login, is_superuser, username, first_name, last_name, email, is_staff, is_active, date_joined) FROM stdin;
1	pbkdf2_sha256$600000$Hyi8dHvkyLVTyGEQ960W3R$x7at1aNq1PK7wGsqiirrdHoDoSpyyMtzQDF1Srtw7xg=	2023-10-02 20:11:57.042354+00	t	admin			aleksander.wilewski@brill.pl	t	t	2023-10-01 10:52:05.46221+00
\.


--
-- Data for Name: auth_user_groups; Type: TABLE DATA; Schema: public; Owner: postgres
--

COPY public.auth_user_groups (id, user_id, group_id) FROM stdin;
\.


--
-- Data for Name: auth_user_user_permissions; Type: TABLE DATA; Schema: public; Owner: postgres
--

COPY public.auth_user_user_permissions (id, user_id, permission_id) FROM stdin;
\.


--
-- Data for Name: django_admin_log; Type: TABLE DATA; Schema: public; Owner: postgres
--

COPY public.django_admin_log (id, action_time, object_id, object_repr, action_flag, change_message, content_type_id, user_id) FROM stdin;
1	2023-10-01 13:01:38.357567+00	1469	UTB-848 redefine proactive models 29.09.2023 10.03.2022	2	[{"changed": {"fields": ["Seller"]}}]	9	1
2	2023-10-01 18:20:35.911592+00	2	Django2	1	[{"added": {}}]	12	1
3	2023-10-01 18:22:18.9298+00	1	Django	2	[{"changed": {"fields": ["Active"]}}]	12	1
4	2023-10-01 18:22:28.539966+00	2	Django2	2	[{"changed": {"fields": ["Active"]}}]	12	1
5	2023-10-01 18:23:17.802064+00	2	Django2	2	[{"changed": {"fields": ["Name", "Visible in header (marker and name)", "Visible in favicon (marker)"]}}]	12	1
6	2023-10-01 18:23:41.364372+00	2	Django2	2	[{"changed": {"fields": ["Visible"]}}]	12	1
7	2023-10-01 18:24:06.382009+00	2	Django2	2	[{"changed": {"fields": ["Background color", "Text color", "Link hover color"]}}]	12	1
8	2023-10-01 18:24:36.064695+00	2	Django2	2	[{"changed": {"fields": ["Background color", "Background selected color", "Link hover color"]}}]	12	1
9	2023-10-01 18:24:52.184327+00	2	Django2	2	[{"changed": {"fields": ["Link color", "Link hover color", "Link active color"]}}]	12	1
10	2023-10-01 18:25:03.38585+00	2	Django2	2	[{"changed": {"fields": ["Background color", "Background hover color"]}}]	12	1
11	2023-10-01 18:25:50.900556+00	2	Django2	2	[]	12	1
12	2023-10-01 18:26:11.658231+00	2	Django2	2	[{"changed": {"fields": ["Text color"]}}]	12	1
13	2023-10-01 18:26:21.025342+00	2	Django2	2	[{"changed": {"fields": ["Background color"]}}]	12	1
\.


--
-- Data for Name: django_content_type; Type: TABLE DATA; Schema: public; Owner: postgres
--

COPY public.django_content_type (id, app_label, model) FROM stdin;
1	admin	logentry
2	auth	permission
3	auth	group
4	auth	user
5	contenttypes	contenttype
6	sessions	session
7	events	client
8	events	employee
9	events	event
10	events	assignment
11	events	place
12	admin_interface	theme
\.


--
-- Data for Name: django_migrations; Type: TABLE DATA; Schema: public; Owner: postgres
--

COPY public.django_migrations (id, app, name, applied) FROM stdin;
1	contenttypes	0001_initial	2023-10-01 10:49:40.957655+00
2	auth	0001_initial	2023-10-01 10:51:26.715481+00
3	admin	0001_initial	2023-10-01 10:51:26.731485+00
4	admin	0002_logentry_remove_auto_add	2023-10-01 10:51:26.736486+00
5	admin	0003_logentry_add_action_flag_choices	2023-10-01 10:51:26.741487+00
6	contenttypes	0002_remove_content_type_name	2023-10-01 10:51:26.748489+00
7	auth	0002_alter_permission_name_max_length	2023-10-01 10:51:26.75349+00
8	auth	0003_alter_user_email_max_length	2023-10-01 10:51:26.758491+00
9	auth	0004_alter_user_username_opts	2023-10-01 10:51:26.762492+00
10	auth	0005_alter_user_last_login_null	2023-10-01 10:51:26.766493+00
11	auth	0006_require_contenttypes_0002	2023-10-01 10:51:26.768494+00
12	auth	0007_alter_validators_add_error_messages	2023-10-01 10:51:26.772494+00
13	auth	0008_alter_user_username_max_length	2023-10-01 10:51:26.781496+00
14	auth	0009_alter_user_last_name_max_length	2023-10-01 10:51:26.786497+00
15	auth	0010_alter_group_name_max_length	2023-10-01 10:51:26.791498+00
16	auth	0011_update_proxy_permissions	2023-10-01 10:51:26.796499+00
17	auth	0012_alter_user_first_name_max_length	2023-10-01 10:51:26.8005+00
18	events	0001_initial	2023-10-01 10:51:26.852512+00
19	sessions	0001_initial	2023-10-01 10:51:26.862514+00
20	events	0002_place_event_place	2023-10-01 11:48:04.749909+00
21	admin_interface	0001_initial	2023-10-01 18:00:09.851873+00
22	admin_interface	0002_add_related_modal	2023-10-01 18:00:09.862875+00
23	admin_interface	0003_add_logo_color	2023-10-01 18:00:09.866877+00
24	admin_interface	0004_rename_title_color	2023-10-01 18:00:09.869877+00
25	admin_interface	0005_add_recent_actions_visible	2023-10-01 18:00:09.871877+00
26	admin_interface	0006_bytes_to_str	2023-10-01 18:00:09.905885+00
27	admin_interface	0007_add_favicon	2023-10-01 18:00:09.909886+00
28	admin_interface	0008_change_related_modal_background_opacity_type	2023-10-01 18:00:09.913887+00
29	admin_interface	0009_add_enviroment	2023-10-01 18:00:09.918888+00
30	admin_interface	0010_add_localization	2023-10-01 18:00:09.92689+00
31	admin_interface	0011_add_environment_options	2023-10-01 18:00:09.936892+00
32	admin_interface	0012_update_verbose_names	2023-10-01 18:00:09.940893+00
33	admin_interface	0013_add_related_modal_close_button	2023-10-01 18:00:09.943894+00
34	admin_interface	0014_name_unique	2023-10-01 18:00:09.949895+00
35	admin_interface	0015_add_language_chooser_active	2023-10-01 18:00:09.952896+00
36	admin_interface	0016_add_language_chooser_display	2023-10-01 18:00:09.956896+00
37	admin_interface	0017_change_list_filter_dropdown	2023-10-01 18:00:09.959897+00
38	admin_interface	0018_theme_list_filter_sticky	2023-10-01 18:00:09.962898+00
39	admin_interface	0019_add_form_sticky	2023-10-01 18:00:09.967899+00
40	admin_interface	0020_module_selected_colors	2023-10-01 18:00:09.980902+00
41	admin_interface	0021_file_extension_validator	2023-10-01 18:00:09.984903+00
42	admin_interface	0022_add_logo_max_width_and_height	2023-10-01 18:00:09.990904+00
43	admin_interface	0023_theme_foldable_apps	2023-10-01 18:00:09.993905+00
44	admin_interface	0024_remove_theme_css	2023-10-01 18:00:09.996905+00
45	admin_interface	0025_theme_language_chooser_control	2023-10-01 18:00:09.999906+00
46	admin_interface	0026_theme_list_filter_highlight	2023-10-01 18:00:10.003907+00
47	admin_interface	0027_theme_list_filter_removal_links	2023-10-01 18:00:10.007908+00
48	admin_interface	0028_theme_show_fieldsets_as_tabs_and_more	2023-10-01 18:00:10.012909+00
49	admin_interface	0029_theme_css_generic_link_active_color	2023-10-01 18:00:10.01691+00
50	admin_interface	0030_theme_collapsible_stacked_inlines_and_more	2023-10-01 18:00:10.025912+00
\.


--
-- Data for Name: django_session; Type: TABLE DATA; Schema: public; Owner: postgres
--

COPY public.django_session (session_key, session_data, expire_date) FROM stdin;
g2zizugsm7kap3ilr4a6imrku3dejr9q	.eJxVjMsOwiAQRf-FtSEgj4JL9_0GMgMzUjU0Ke3K-O_apAvd3nPOfYkE21rT1mlJUxEXocXpd0PID2o7KHdot1nmua3LhHJX5EG7HOdCz-vh_h1U6PVbO86DBVIBUGNUGQDO3jCjDiGAt9Zkq6INvrgBDeXIDhWz8iYopx2J9wf4ZDf_:1qmu9y:6zNlnARholRhSVFUF1del4wOdIKO2iPhdEoNQf1VgYs	2023-10-15 10:58:50.268934+00
8285d6suk5vxzfm1n1d5il96x84rqcjl	.eJxVjMsOwiAQRf-FtSEgj4JL9_0GMgMzUjU0Ke3K-O_apAvd3nPOfYkE21rT1mlJUxEXocXpd0PID2o7KHdot1nmua3LhHJX5EG7HOdCz-vh_h1U6PVbO86DBVIBUGNUGQDO3jCjDiGAt9Zkq6INvrgBDeXIDhWz8iYopx2J9wf4ZDf_:1qnOUq:tFfjtCSJvJetVBauKqqHnnxOXzRZEzszIXGQ4bIkeh8	2023-10-16 19:22:24.240928+00
sy44zopewin6igxpq32yme71pwe2qxdv	.eJxVjMsOwiAQRf-FtSEgj4JL9_0GMgMzUjU0Ke3K-O_apAvd3nPOfYkE21rT1mlJUxEXocXpd0PID2o7KHdot1nmua3LhHJX5EG7HOdCz-vh_h1U6PVbO86DBVIBUGNUGQDO3jCjDiGAt9Zkq6INvrgBDeXIDhWz8iYopx2J9wf4ZDf_:1qnPGn:ygMVlirvvYYRptyEToDmfsxT8c-_DtpFT0T-xHfysEE	2023-10-16 20:11:57.047356+00
\.


--
-- Data for Name: events_assignment; Type: TABLE DATA; Schema: public; Owner: postgres
--

COPY public.events_assignment (id, client_id, employee_id, event_id) FROM stdin;
8955	339	389	3001
8956	320	316	3001
8957	381	390	3001
8958	329	373	3001
8959	306	357	3001
8960	388	319	3002
8961	315	323	3002
8962	385	396	3002
8963	375	325	3002
8964	343	354	3002
8965	328	342	3003
8966	395	397	3003
8967	390	346	3003
8968	314	318	3004
8969	328	389	3004
8970	363	314	3004
8971	378	359	3004
8972	312	386	3004
8973	361	391	3005
8974	311	313	3005
8975	310	399	3005
8976	310	320	3005
8977	391	387	3005
8978	351	339	3006
8979	325	344	3006
8980	347	353	3006
8981	353	391	3007
8982	358	349	3008
8983	301	396	3008
8984	318	320	3009
8985	348	361	3009
8986	307	307	3009
8987	398	375	3009
8988	397	354	3010
8989	357	326	3010
8990	395	358	3010
8991	363	372	3010
8992	373	312	3011
8993	372	312	3011
8994	393	344	3011
8995	362	381	3012
8996	392	384	3012
8997	362	322	3012
8998	384	378	3012
8999	301	313	3013
9000	394	304	3014
9001	335	366	3014
9002	374	348	3014
9003	320	312	3014
9004	390	325	3014
9005	326	319	3015
9006	362	335	3015
9007	360	304	3015
9008	310	333	3015
9009	365	397	3016
9010	366	315	3016
9011	341	302	3017
9012	355	306	3017
9013	390	378	3017
9014	308	376	3017
9015	341	381	3018
9016	391	379	3018
9017	308	328	3018
9018	348	370	3019
9019	306	347	3019
9020	334	375	3020
9021	302	317	3020
9022	337	357	3020
9023	379	348	3021
9024	364	336	3021
9025	371	349	3022
9026	318	334	3022
9027	371	398	3023
9028	302	311	3023
9029	309	380	3023
9030	361	323	3023
9031	369	316	3024
9032	316	340	3024
9033	341	368	3024
9034	381	305	3024
9035	319	385	3024
9036	384	305	3025
9037	362	363	3025
9038	326	314	3025
9039	331	388	3026
9040	313	308	3026
9041	376	362	3026
9042	346	362	3026
9043	348	343	3026
9044	387	351	3027
9045	380	368	3027
9046	397	339	3027
9047	321	382	3027
9048	325	397	3028
9049	344	388	3028
9050	385	375	3028
9051	339	352	3028
9052	381	347	3029
9053	348	308	3029
9054	309	382	3030
9055	381	327	3030
9056	349	347	3030
9057	340	305	3030
9058	320	351	3030
9059	305	316	3031
9060	306	342	3031
9061	367	363	3031
9062	391	315	3031
9063	340	345	3032
9064	389	370	3033
9065	304	359	3033
9066	322	368	3033
9067	304	382	3034
9068	330	343	3034
9069	398	346	3034
9070	382	318	3035
9071	335	374	3035
9072	380	378	3035
9073	393	340	3035
9074	397	388	3036
9075	396	351	3037
9076	370	349	3038
9077	329	357	3039
9078	378	369	3039
9079	381	350	3040
9080	333	328	3040
9081	354	313	3040
9082	379	373	3040
9083	322	310	3041
9084	390	395	3041
9085	341	354	3041
9086	381	342	3042
9087	381	343	3043
9088	341	336	3043
9089	377	346	3044
9090	319	329	3045
9091	312	391	3045
9092	339	392	3046
9093	325	337	3046
9094	323	323	3046
9095	392	304	3046
9096	381	388	3046
9097	303	395	3047
9098	311	398	3048
9099	397	328	3048
9100	312	351	3048
9101	381	387	3049
9102	360	316	3049
9103	380	354	3049
9104	394	363	3049
9105	370	387	3049
9106	307	308	3050
9107	368	395	3050
9108	348	387	3050
9109	313	377	3050
9110	377	332	3051
9111	316	338	3051
9112	400	381	3052
9113	359	329	3052
9114	354	376	3053
9115	377	376	3053
9116	342	322	3054
9117	348	332	3054
9118	391	307	3055
9119	326	319	3055
9120	311	349	3056
9121	368	335	3056
9122	370	345	3057
9123	302	386	3057
9124	346	329	3057
9125	386	378	3058
9126	332	351	3058
9127	353	389	3058
9128	386	375	3059
9129	372	309	3059
9130	394	340	3059
9131	365	322	3059
9132	313	323	3060
9133	332	378	3060
9134	339	337	3060
9135	381	381	3060
9136	393	361	3061
9137	400	325	3061
9138	353	375	3062
9139	335	393	3062
9140	398	301	3062
9141	400	355	3062
9142	355	379	3063
9143	363	305	3064
9144	398	371	3064
9145	315	330	3065
9146	334	380	3066
9147	369	375	3067
9148	339	390	3068
9149	353	385	3068
9150	379	365	3068
9151	338	388	3068
9152	366	395	3068
9153	381	337	3069
9154	351	360	3069
9155	357	368	3069
9156	360	385	3069
9157	373	362	3069
9158	370	399	3070
9159	346	347	3070
9160	353	322	3070
9161	346	394	3071
9162	326	342	3072
9163	391	315	3072
9164	349	393	3073
9165	372	336	3073
9166	379	317	3074
9167	355	347	3074
9168	333	313	3075
9169	382	378	3075
9170	364	400	3075
9171	382	382	3075
9172	373	352	3075
9173	340	380	3076
9174	302	393	3076
9175	301	310	3076
9176	398	396	3077
9177	356	385	3077
9178	366	365	3077
9179	324	341	3078
9180	323	388	3078
9181	314	366	3078
9182	319	350	3078
9183	392	400	3078
9184	374	353	3079
9185	349	397	3079
9186	388	328	3079
9187	389	353	3080
9188	380	312	3080
9189	350	367	3080
9190	372	353	3080
9191	398	374	3080
9192	311	393	3081
9193	337	335	3081
9194	382	312	3081
9195	303	391	3081
9196	354	336	3082
9197	362	371	3082
9198	394	346	3083
9199	326	320	3083
9200	329	326	3084
9201	354	326	3084
9202	371	310	3084
9203	375	375	3084
9204	331	342	3084
9205	400	324	3085
9206	396	327	3085
9207	317	368	3085
9208	389	344	3085
9209	392	367	3086
9210	336	331	3087
9211	354	377	3087
9212	358	303	3087
9213	371	361	3087
9214	333	397	3087
9215	308	341	3088
9216	340	370	3089
9217	370	330	3089
9218	392	383	3089
9219	379	365	3090
9220	329	347	3090
9221	338	351	3090
9222	348	396	3090
9223	372	338	3090
9224	301	312	3091
9225	376	360	3091
9226	350	371	3091
9227	361	312	3091
9228	339	381	3092
9229	327	341	3092
9230	386	314	3093
9231	394	358	3093
9232	349	367	3093
9233	324	310	3093
9234	328	359	3093
9235	364	311	3094
9236	336	389	3094
9237	390	384	3094
9238	396	375	3094
9239	320	329	3095
9240	306	306	3095
9241	392	364	3096
9242	331	361	3097
9243	307	382	3097
9244	339	326	3097
9245	321	327	3097
9246	373	367	3098
9247	395	309	3098
9248	351	341	3098
9249	315	383	3098
9250	320	378	3099
9251	382	336	3099
9252	353	367	3100
9253	397	302	3100
9254	307	323	3100
9255	394	343	3100
9256	315	373	3101
9257	385	361	3101
9258	320	350	3102
9259	367	331	3103
9260	335	324	3103
9261	339	331	3103
9262	319	368	3103
9263	367	312	3103
9264	364	386	3104
9265	347	301	3104
9266	352	362	3104
9267	358	327	3105
9268	311	361	3105
9269	325	390	3105
9270	396	322	3105
9271	354	367	3106
9272	307	352	3107
9273	356	362	3107
9274	320	361	3108
9275	399	353	3109
9276	317	331	3110
9277	369	386	3110
9278	314	333	3111
9279	387	366	3111
9280	350	367	3112
9281	310	371	3113
9282	366	373	3113
9283	358	345	3113
9284	348	382	3113
9285	338	311	3114
9286	355	332	3115
9287	341	317	3115
9288	369	342	3115
9289	351	372	3115
9290	309	330	3115
9291	393	321	3116
9292	364	387	3116
9293	345	303	3116
9294	340	313	3117
9295	372	327	3117
9296	361	367	3118
9297	375	390	3118
9298	364	315	3118
9299	327	316	3119
9300	337	345	3119
9301	392	370	3119
9302	345	374	3120
9303	317	389	3120
9304	345	354	3120
9305	371	322	3121
9306	385	345	3122
9307	339	369	3122
9308	307	320	3123
9309	374	342	3123
9310	315	329	3123
9311	380	377	3123
9312	364	379	3123
9313	373	385	3124
9314	318	314	3124
9315	359	384	3124
9316	381	355	3125
9317	311	301	3125
9318	328	340	3125
9319	384	319	3125
9320	305	306	3125
9321	355	391	3126
9322	338	362	3126
9323	396	350	3127
9324	342	307	3127
9325	363	350	3127
9326	396	377	3127
9327	306	310	3128
9328	395	332	3128
9329	303	320	3128
9330	349	350	3129
9331	373	331	3129
9332	378	370	3129
9333	330	363	3129
9334	326	363	3129
9335	324	317	3130
9336	367	338	3130
9337	397	339	3130
9338	335	319	3131
9339	329	336	3131
9340	391	338	3131
9341	338	369	3131
9342	306	376	3131
9343	390	305	3132
9344	373	312	3132
9345	371	342	3132
9346	366	340	3132
9347	306	357	3133
9348	353	354	3133
9349	396	367	3134
9350	335	317	3134
9351	347	391	3134
9352	303	336	3134
9353	364	352	3134
9354	368	391	3135
9355	398	353	3135
9356	380	333	3135
9357	332	396	3135
9358	302	379	3136
9359	329	305	3136
9360	326	324	3136
9361	364	398	3137
9362	378	366	3137
9363	377	399	3137
9364	379	375	3138
9365	394	380	3138
9366	303	347	3138
9367	380	339	3138
9368	374	345	3139
9369	371	306	3139
9370	391	337	3140
9371	349	309	3140
9372	335	303	3140
9373	361	307	3140
9374	310	392	3140
9375	304	313	3141
9376	314	343	3141
9377	304	361	3141
9378	319	320	3141
9379	318	319	3141
9380	365	319	3142
9381	378	400	3142
9382	378	340	3142
9383	394	335	3142
9384	354	361	3142
9385	322	374	3143
9386	396	306	3143
9387	307	385	3143
9388	360	328	3143
9389	364	354	3143
9390	346	325	3144
9391	361	328	3144
9392	363	367	3145
9393	375	396	3145
9394	383	357	3145
9395	324	322	3145
9396	375	363	3146
9397	386	382	3146
9398	301	400	3147
9399	342	388	3147
9400	395	387	3147
9401	341	333	3148
9402	367	343	3149
9403	367	370	3149
9404	369	360	3149
9405	359	316	3149
9406	385	391	3149
9407	331	333	3150
9408	301	383	3151
9409	317	315	3151
9410	333	341	3151
9411	362	350	3151
9412	327	314	3151
9413	310	308	3152
9414	320	348	3152
9415	378	347	3152
9416	327	361	3152
9417	382	355	3153
9418	348	366	3153
9419	318	330	3153
9420	386	327	3153
9421	321	366	3153
9422	305	370	3154
9423	331	317	3154
9424	360	311	3154
9425	320	345	3155
9426	307	335	3156
9427	310	336	3156
9428	392	364	3157
9429	303	390	3157
9430	329	347	3157
9431	354	304	3157
9432	317	323	3158
9433	386	307	3159
9434	321	333	3159
9435	324	329	3159
9436	387	387	3159
9437	360	326	3160
9438	395	322	3161
9439	354	354	3162
9440	396	340	3163
9441	393	378	3163
9442	390	347	3163
9443	318	394	3163
9444	318	303	3164
9445	328	313	3164
9446	304	374	3165
9447	369	336	3165
9448	338	336	3165
9449	326	306	3166
9450	383	340	3166
9451	338	384	3166
9452	383	379	3166
9453	354	312	3166
9454	348	374	3167
9455	341	343	3167
9456	331	390	3167
9457	308	339	3167
9458	370	354	3168
9459	319	336	3169
9460	318	302	3169
9461	334	367	3169
9462	339	310	3169
9463	400	373	3170
9464	357	346	3171
9465	388	397	3172
9466	362	352	3172
9467	344	313	3173
9468	385	309	3174
9469	347	382	3174
9470	309	359	3174
9471	353	344	3175
9472	346	325	3175
9473	398	389	3175
9474	332	361	3175
9475	317	305	3176
9476	353	371	3176
9477	353	356	3176
9478	363	367	3177
9479	333	370	3177
9480	322	308	3177
9481	303	400	3178
9482	398	387	3178
9483	395	304	3178
9484	361	398	3178
9485	301	311	3179
9486	352	328	3179
9487	338	384	3179
9488	398	370	3179
9489	352	314	3179
9490	328	326	3180
9491	356	357	3180
9492	383	349	3181
9493	353	360	3181
9494	317	320	3181
9495	313	378	3182
9496	367	325	3183
9497	311	382	3184
9498	338	388	3184
9499	385	380	3185
9500	375	326	3185
9501	397	376	3185
9502	382	379	3185
9503	393	324	3185
9504	394	354	3186
9505	356	376	3187
9506	327	378	3187
9507	313	328	3187
9508	321	367	3188
9509	309	371	3188
9510	354	313	3188
9511	363	371	3189
9512	367	359	3189
9513	350	384	3190
9514	339	366	3190
9515	400	333	3191
9516	341	337	3191
9517	371	399	3191
9518	363	362	3191
9519	388	314	3192
9520	352	388	3192
9521	331	377	3192
9522	323	359	3193
9523	358	316	3194
9524	371	331	3194
9525	302	327	3194
9526	326	338	3194
9527	392	371	3195
9528	330	330	3195
9529	354	391	3195
9530	391	389	3196
9531	385	338	3197
9532	308	356	3197
9533	318	352	3197
9534	361	333	3198
9535	308	398	3198
9536	354	378	3198
9537	397	353	3198
9538	313	372	3198
9539	372	385	3199
9540	307	329	3200
9541	394	301	3200
9542	397	314	3201
9543	355	357	3201
9544	356	361	3201
9545	373	333	3201
9546	363	388	3201
9547	358	343	3202
9548	338	349	3202
9549	381	379	3202
9550	371	393	3202
9551	336	382	3203
9552	351	363	3204
9553	314	311	3204
9554	344	366	3204
9555	344	339	3205
9556	338	368	3205
9557	352	302	3205
9558	364	385	3205
9559	356	387	3206
9560	339	355	3206
9561	303	330	3206
9562	370	345	3206
9563	381	325	3206
9564	384	396	3207
9565	383	312	3208
9566	397	381	3208
9567	400	397	3208
9568	328	395	3209
9569	342	345	3210
9570	386	321	3210
9571	314	392	3210
9572	312	338	3210
9573	310	400	3211
9574	322	347	3211
9575	361	331	3211
9576	326	377	3211
9577	400	364	3211
9578	390	359	3212
9579	324	352	3212
9580	362	387	3212
9581	347	313	3212
9582	316	388	3212
9583	301	399	3213
9584	333	324	3213
9585	354	373	3213
9586	333	354	3214
9587	374	318	3214
9588	386	329	3214
9589	357	306	3214
9590	354	330	3215
9591	348	334	3215
9592	369	364	3216
9593	352	386	3216
9594	303	317	3217
9595	322	334	3218
9596	313	306	3218
9597	360	350	3218
9598	385	400	3219
9599	350	354	3219
9600	355	372	3219
9601	400	366	3220
9602	304	365	3220
9603	324	400	3220
9604	303	380	3220
9605	325	364	3221
9606	329	399	3222
9607	390	319	3222
9608	327	397	3222
9609	350	317	3222
9610	379	318	3223
9611	305	399	3223
9612	327	356	3223
9613	308	390	3223
9614	320	320	3223
9615	308	361	3224
9616	303	331	3225
9617	400	372	3226
9618	394	382	3226
9619	371	393	3226
9620	312	340	3226
9621	394	356	3227
9622	330	332	3227
9623	382	339	3227
9624	375	341	3227
9625	376	301	3228
9626	388	390	3228
9627	360	327	3229
9628	388	334	3229
9629	304	395	3229
9630	362	394	3229
9631	370	321	3229
9632	334	303	3230
9633	307	397	3230
9634	392	393	3230
9635	377	340	3230
9636	341	305	3231
9637	318	344	3231
9638	353	393	3231
9639	383	328	3232
9640	333	380	3233
9641	389	332	3234
9642	376	395	3234
9643	335	327	3234
9644	338	313	3235
9645	355	316	3235
9646	374	399	3235
9647	399	333	3236
9648	335	340	3236
9649	309	360	3236
9650	385	319	3237
9651	368	373	3237
9652	346	377	3237
9653	312	394	3237
9654	353	385	3237
9655	340	394	3238
9656	335	319	3239
9657	369	376	3239
9658	387	348	3239
9659	329	316	3239
9660	314	328	3240
9661	359	321	3240
9662	364	387	3240
9663	396	314	3241
9664	391	325	3241
9665	357	312	3242
9666	330	379	3242
9667	379	398	3243
9668	327	378	3243
9669	322	315	3243
9670	395	372	3243
9671	388	352	3244
9672	385	388	3244
9673	309	330	3244
9674	316	327	3244
9675	391	333	3244
9676	373	393	3245
9677	308	365	3245
9678	381	357	3245
9679	392	383	3245
9680	379	376	3246
9681	301	372	3246
9682	348	318	3246
9683	368	360	3247
9684	346	378	3247
9685	310	392	3247
9686	309	387	3247
9687	373	375	3247
9688	337	382	3248
9689	342	326	3248
9690	391	341	3248
9691	376	317	3248
9692	373	389	3248
9693	378	389	3249
9694	377	313	3249
9695	309	377	3249
9696	311	388	3249
9697	370	362	3250
9698	312	381	3250
9699	381	321	3251
9700	393	352	3251
9701	318	365	3251
9702	308	313	3251
9703	324	307	3252
9704	370	344	3252
9705	307	354	3252
9706	301	396	3253
9707	328	308	3253
9708	319	316	3253
9709	326	307	3254
9710	321	351	3254
9711	389	325	3254
9712	369	337	3255
9713	350	386	3255
9714	342	307	3256
9715	311	346	3257
9716	362	379	3257
9717	358	377	3258
9718	301	304	3258
9719	351	345	3258
9720	325	326	3258
9721	301	326	3259
9722	323	382	3259
9723	364	352	3260
9724	380	366	3260
9725	350	306	3260
9726	396	366	3260
9727	363	336	3261
9728	388	392	3261
9729	322	378	3262
9730	321	398	3262
9731	309	396	3262
9732	378	360	3262
9733	330	369	3263
9734	383	364	3263
9735	370	389	3263
9736	318	310	3264
9737	355	317	3264
9738	336	346	3264
9739	386	371	3265
9740	324	331	3265
9741	323	359	3265
9742	304	338	3265
9743	332	305	3265
9744	397	302	3266
9745	342	316	3266
9746	333	312	3266
9747	382	394	3267
9748	382	379	3267
9749	373	307	3268
9750	360	360	3268
9751	396	305	3268
9752	341	308	3268
9753	354	329	3268
9754	356	339	3269
9755	305	324	3269
9756	311	320	3269
9757	319	351	3269
9758	352	382	3269
9759	354	352	3270
9760	335	350	3270
9761	306	381	3270
9762	386	320	3271
9763	320	399	3272
9764	367	370	3272
9765	345	377	3272
9766	391	323	3272
9767	316	344	3272
9768	363	365	3273
9769	360	386	3273
9770	371	365	3273
9771	346	381	3273
9772	337	393	3273
9773	352	338	3274
9774	384	311	3274
9775	359	328	3274
9776	382	372	3274
9777	319	353	3274
9778	383	305	3275
9779	324	315	3275
9780	304	368	3275
9781	376	306	3276
9782	325	360	3276
9783	345	308	3276
9784	304	322	3276
9785	311	350	3276
9786	378	329	3277
9787	395	337	3277
9788	391	332	3277
9789	374	307	3277
9790	370	323	3277
9791	306	352	3278
9792	333	326	3278
9793	322	335	3278
9794	315	378	3278
9795	307	392	3279
9796	375	386	3279
9797	330	302	3279
9798	360	341	3280
9799	340	391	3280
9800	311	339	3280
9801	369	373	3280
9802	398	320	3280
9803	394	322	3281
9804	362	329	3281
9805	309	400	3282
9806	357	326	3282
9807	331	390	3282
9808	379	387	3282
9809	372	322	3283
9810	322	322	3284
9811	387	318	3284
9812	351	339	3284
9813	303	380	3284
9814	347	393	3285
9815	393	377	3285
9816	364	393	3286
9817	351	324	3287
9818	364	365	3288
9819	347	363	3288
9820	313	320	3288
9821	362	316	3288
9822	394	314	3288
9823	371	347	3289
9824	381	359	3289
9825	332	372	3289
9826	341	328	3289
9827	323	376	3290
9828	365	379	3290
9829	377	352	3290
9830	343	353	3290
9831	327	375	3291
9832	336	369	3291
9833	335	325	3291
9834	372	326	3292
9835	346	306	3293
9836	313	370	3293
9837	327	380	3293
9838	384	306	3294
9839	333	346	3294
9840	368	305	3295
9841	378	385	3295
9842	329	352	3295
9843	341	332	3295
9844	345	354	3295
9845	379	358	3296
9846	317	322	3296
9847	383	365	3296
9848	364	380	3296
9849	375	391	3297
9850	301	315	3297
9851	370	390	3297
9852	351	304	3298
9853	304	318	3299
9854	375	326	3299
9855	346	363	3299
9856	369	312	3299
9857	365	399	3299
9858	396	345	3300
9859	301	390	3300
9860	324	310	3300
9861	357	384	3300
9862	385	325	3301
9863	346	358	3302
9864	339	363	3302
9865	337	362	3303
9866	315	395	3304
9867	388	311	3304
9868	371	339	3305
9869	316	344	3305
9870	400	372	3305
9871	304	384	3306
9872	332	352	3307
9873	324	314	3307
9874	382	330	3307
9875	378	358	3308
9876	353	308	3309
9877	312	385	3309
9878	383	396	3309
9879	357	328	3309
9880	342	343	3309
9881	305	362	3310
9882	336	340	3310
9883	309	339	3310
9884	374	329	3310
9885	307	381	3310
9886	369	377	3311
9887	354	370	3311
9888	356	362	3311
9889	347	311	3312
9890	392	345	3312
9891	371	309	3312
9892	366	354	3312
9893	316	380	3312
9894	337	345	3313
9895	392	370	3313
9896	344	379	3313
9897	312	345	3313
9898	397	365	3314
9899	359	343	3315
9900	307	361	3315
9901	350	307	3315
9902	379	320	3316
9903	390	364	3316
9904	374	365	3317
9905	375	328	3317
9906	347	374	3318
9907	324	385	3318
9908	399	302	3318
9909	350	352	3318
9910	378	400	3319
9911	368	342	3319
9912	345	370	3319
9913	367	313	3320
9914	399	396	3320
9915	342	372	3320
9916	399	313	3321
9917	377	335	3321
9918	352	315	3322
9919	382	391	3322
9920	357	348	3322
9921	389	393	3322
9922	350	376	3323
9923	337	316	3323
9924	317	337	3323
9925	307	332	3324
9926	355	326	3324
9927	385	363	3324
9928	385	357	3324
9929	385	308	3324
9930	326	317	3325
9931	339	307	3326
9932	333	329	3326
9933	351	360	3326
9934	362	383	3326
9935	358	325	3326
9936	340	317	3327
9937	349	331	3327
9938	398	380	3328
9939	360	356	3328
9940	333	315	3328
9941	365	334	3329
9942	343	382	3330
9943	397	399	3330
9944	370	398	3330
9945	319	367	3330
9946	360	306	3331
9947	349	352	3331
9948	340	356	3331
9949	355	315	3332
9950	357	328	3332
9951	338	325	3332
9952	327	370	3332
9953	338	394	3332
9954	349	322	3333
9955	374	331	3334
9956	385	328	3334
9957	368	340	3334
9958	373	396	3335
9959	374	383	3336
9960	311	337	3337
9961	351	358	3337
9962	380	334	3337
9963	314	368	3337
9964	332	349	3337
9965	359	350	3338
9966	354	370	3338
9967	319	302	3338
9968	352	342	3339
9969	305	366	3339
9970	315	379	3340
9971	312	368	3341
9972	350	302	3341
9973	369	344	3342
9974	346	362	3342
9975	339	349	3342
9976	305	364	3342
9977	324	400	3342
9978	389	307	3343
9979	305	353	3343
9980	382	350	3344
9981	316	360	3345
9982	390	382	3345
9983	379	391	3345
9984	353	370	3346
9985	316	319	3346
9986	314	324	3347
9987	371	313	3347
9988	349	341	3347
9989	386	352	3347
9990	350	303	3347
9991	377	336	3348
9992	315	358	3348
9993	354	396	3349
9994	309	390	3350
9995	353	330	3350
9996	373	345	3350
9997	399	381	3350
9998	376	322	3350
9999	389	329	3351
10000	324	398	3351
10001	302	311	3351
10002	314	367	3351
10003	373	338	3352
10004	387	306	3352
10005	308	370	3352
10006	343	358	3352
10007	311	394	3353
10008	374	341	3353
10009	364	338	3353
10010	366	351	3354
10011	340	339	3354
10012	352	343	3354
10013	398	319	3354
10014	393	360	3354
10015	315	370	3355
10016	370	391	3355
10017	358	334	3355
10018	304	392	3355
10019	392	385	3355
10020	306	303	3356
10021	338	362	3356
10022	381	321	3356
10023	365	398	3357
10024	333	347	3357
10025	331	346	3357
10026	312	343	3357
10027	362	376	3358
10028	333	339	3358
10029	327	332	3359
10030	379	313	3359
10031	370	355	3359
10032	397	383	3359
10033	349	383	3360
10034	320	350	3360
10035	384	355	3361
10036	369	386	3361
10037	399	372	3362
10038	398	393	3362
10039	375	366	3362
10040	332	383	3362
10041	346	364	3363
10042	360	356	3363
10043	335	347	3364
10044	339	398	3364
10045	334	354	3364
10046	381	333	3364
10047	364	329	3364
10048	343	364	3365
10049	375	321	3365
10050	302	325	3365
10051	345	313	3365
10052	383	342	3365
10053	344	350	3366
10054	345	322	3367
10055	346	326	3367
10056	314	318	3367
10057	353	390	3367
10058	320	322	3367
10059	323	315	3368
10060	301	394	3368
10061	385	329	3368
10062	377	318	3369
10063	329	400	3369
10064	370	301	3370
10065	315	383	3370
10066	377	346	3370
10067	334	374	3370
10068	339	397	3370
10069	302	373	3371
10070	314	397	3371
10071	380	340	3371
10072	340	388	3372
10073	334	324	3372
10074	348	381	3372
10075	359	362	3373
10076	374	367	3374
10077	396	347	3374
10078	313	324	3374
10079	343	346	3374
10080	386	349	3375
10081	382	335	3375
10082	343	400	3375
10083	339	347	3376
10084	376	352	3376
10085	326	382	3377
10086	398	398	3377
10087	353	375	3378
10088	379	357	3378
10089	331	351	3378
10090	379	365	3378
10091	324	352	3378
10092	314	324	3379
10093	331	338	3379
10094	355	386	3380
10095	313	367	3380
10096	371	349	3380
10097	325	379	3380
10098	379	345	3381
10099	383	381	3381
10100	316	305	3381
10101	391	327	3381
10102	345	366	3381
10103	327	338	3382
10104	332	324	3383
10105	309	337	3383
10106	374	381	3383
10107	365	342	3384
10108	347	382	3384
10109	365	373	3384
10110	384	399	3384
10111	382	378	3385
10112	390	378	3386
10113	353	304	3387
10114	377	346	3387
10115	360	365	3387
10116	321	343	3387
10117	366	356	3388
10118	326	302	3388
10119	368	377	3389
10120	313	384	3389
10121	392	354	3389
10122	376	302	3389
10123	381	398	3390
10124	323	355	3391
10125	358	371	3391
10126	379	359	3391
10127	345	340	3391
10128	316	309	3391
10129	339	393	3392
10130	400	307	3393
10131	361	320	3393
10132	332	384	3393
10133	387	361	3393
10134	317	315	3394
10135	320	353	3394
10136	321	322	3394
10137	380	382	3395
10138	371	308	3395
10139	311	360	3395
10140	400	393	3395
10141	389	315	3396
10142	352	324	3396
10143	326	368	3396
10144	341	399	3397
10145	387	353	3397
10146	312	304	3397
10147	356	344	3397
10148	390	339	3397
10149	397	320	3398
10150	392	340	3399
10151	354	337	3400
10152	346	317	3400
10153	376	311	3401
10154	394	379	3401
10155	301	389	3401
10156	336	309	3401
10157	381	312	3401
10158	363	340	3402
10159	341	307	3402
10160	399	350	3402
10161	329	312	3402
10162	370	394	3403
10163	343	346	3403
10164	368	303	3404
10165	377	363	3404
10166	397	349	3404
10167	335	363	3404
10168	354	301	3405
10169	382	386	3405
10170	302	318	3405
10171	381	364	3405
10172	333	377	3405
10173	386	315	3406
10174	400	387	3406
10175	372	342	3406
10176	341	379	3406
10177	377	344	3406
10178	301	392	3407
10179	319	366	3407
10180	387	391	3408
10181	390	325	3408
10182	388	337	3408
10183	363	376	3409
10184	343	398	3409
10185	347	334	3409
10186	380	308	3409
10187	312	400	3410
10188	340	335	3410
10189	316	344	3410
10190	306	320	3410
10191	378	321	3411
10192	378	319	3411
10193	356	345	3411
10194	343	347	3412
10195	310	323	3413
10196	311	380	3413
10197	367	302	3414
10198	360	352	3414
10199	363	302	3414
10200	311	301	3414
10201	381	324	3415
10202	379	318	3415
10203	315	348	3415
10204	301	341	3415
10205	350	303	3415
10206	361	327	3416
10207	354	341	3416
10208	395	376	3416
10209	315	375	3416
10210	301	341	3416
10211	347	350	3417
10212	316	339	3417
10213	347	337	3417
10214	375	303	3418
10215	369	352	3418
10216	383	393	3419
10217	329	328	3419
10218	325	331	3419
10219	342	330	3419
10220	383	319	3420
10221	381	377	3421
10222	378	330	3421
10223	391	335	3421
10224	315	383	3421
10225	361	303	3422
10226	365	345	3422
10227	338	317	3422
10228	334	350	3423
10229	370	313	3423
10230	381	364	3423
10231	339	382	3423
10232	361	379	3424
10233	394	376	3424
10234	369	319	3424
10235	313	390	3425
10236	311	371	3425
10237	303	369	3426
10238	372	360	3426
10239	384	348	3426
10240	391	314	3426
10241	302	362	3426
10242	364	344	3427
10243	365	398	3428
10244	350	301	3428
10245	322	374	3428
10246	328	311	3429
10247	364	348	3429
10248	381	359	3429
10249	349	338	3429
10250	334	360	3429
10251	350	352	3430
10252	334	342	3430
10253	313	377	3430
10254	372	317	3431
10255	356	304	3431
10256	338	366	3432
10257	322	385	3432
10258	321	316	3432
10259	379	330	3433
10260	355	349	3433
10261	377	354	3433
10262	333	322	3433
10263	339	316	3433
10264	327	325	3434
10265	398	371	3435
10266	342	311	3436
10267	384	361	3436
10268	377	360	3436
10269	313	394	3436
10270	399	386	3437
10271	331	342	3437
10272	375	332	3438
10273	378	335	3439
10274	335	311	3439
10275	308	370	3440
10276	395	372	3440
10277	388	309	3440
10278	372	386	3441
10279	339	305	3441
10280	307	384	3442
10281	330	347	3442
10282	346	382	3442
10283	317	359	3443
10284	351	310	3443
10285	386	363	3443
10286	342	361	3443
10287	376	367	3443
10288	349	381	3444
10289	304	339	3445
10290	330	388	3445
10291	343	390	3445
10292	301	376	3445
10293	317	373	3446
10294	323	378	3446
10295	304	368	3447
10296	387	383	3448
10297	360	398	3448
10298	380	396	3448
10299	395	386	3448
10300	336	321	3448
10301	392	339	3449
10302	385	340	3449
10303	320	301	3449
10304	312	303	3450
10305	374	377	3451
10306	314	391	3451
10307	385	376	3451
10308	397	348	3452
10309	319	371	3452
10310	381	373	3452
10311	366	322	3452
10312	342	339	3453
10313	378	347	3453
10314	316	364	3453
10315	384	351	3454
10316	362	344	3454
10317	304	335	3454
10318	302	375	3454
10319	397	357	3455
10320	317	317	3455
10321	374	310	3455
10322	310	334	3455
10323	337	337	3455
10324	364	318	3456
10325	355	301	3456
10326	391	383	3456
10327	316	331	3456
10328	365	316	3456
10329	378	337	3457
10330	381	329	3458
10331	334	344	3458
10332	347	301	3458
10333	332	374	3458
10334	373	356	3459
10335	377	347	3459
10336	386	377	3459
10337	345	395	3459
10338	327	365	3459
10339	304	324	3460
10340	339	400	3460
10341	377	319	3460
10342	315	377	3460
10343	389	366	3461
10344	316	396	3461
10345	398	316	3461
10346	366	399	3462
10347	327	327	3462
10348	314	325	3462
10349	352	307	3462
10350	375	373	3463
10351	370	365	3463
10352	318	323	3463
10353	334	379	3464
10354	363	320	3464
10355	392	326	3465
10356	363	331	3465
10357	361	397	3465
10358	365	394	3465
10359	365	308	3465
10360	378	378	3466
10361	304	384	3467
10362	381	307	3467
10363	369	315	3467
10364	351	357	3467
10365	330	395	3467
10366	364	395	3468
10367	361	352	3468
10368	338	381	3468
10369	330	387	3468
10370	390	302	3469
10371	378	385	3469
10372	331	348	3469
10373	341	386	3470
10374	389	349	3470
10375	361	353	3470
10376	399	392	3470
10377	397	304	3470
10378	361	365	3471
10379	333	376	3471
10380	349	373	3471
10381	389	321	3472
10382	318	345	3473
10383	369	369	3473
10384	347	371	3473
10385	385	343	3474
10386	316	301	3474
10387	315	332	3475
10388	370	371	3475
10389	326	388	3475
10390	380	387	3475
10391	393	320	3476
10392	333	311	3476
10393	304	371	3476
10394	350	361	3476
10395	393	387	3476
10396	373	359	3477
10397	389	322	3477
10398	316	340	3478
10399	362	363	3478
10400	344	391	3479
10401	338	363	3480
10402	397	324	3480
10403	363	355	3480
10404	339	368	3480
10405	384	302	3481
10406	340	373	3481
10407	313	332	3481
10408	389	327	3482
10409	312	395	3483
10410	324	344	3483
10411	324	308	3483
10412	311	350	3483
10413	393	361	3484
10414	358	340	3485
10415	324	376	3485
10416	343	371	3485
10417	398	349	3486
10418	394	398	3486
10419	380	337	3486
10420	389	344	3487
10421	371	366	3487
10422	336	312	3487
10423	371	355	3487
10424	313	394	3488
10425	301	382	3488
10426	375	346	3489
10427	324	316	3489
10428	391	338	3489
10429	314	392	3489
10430	323	328	3490
10431	381	364	3490
10432	379	380	3490
10433	385	305	3490
10434	302	370	3491
10435	325	390	3491
10436	371	357	3492
10437	363	396	3492
10438	389	323	3492
10439	381	364	3493
10440	335	302	3493
10441	340	379	3493
10442	319	364	3493
10443	367	365	3493
10444	391	394	3494
10445	357	315	3494
10446	389	338	3494
10447	302	369	3494
10448	395	333	3495
10449	316	326	3495
10450	314	327	3495
10451	365	328	3495
10452	326	309	3496
10453	393	383	3496
10454	305	333	3496
10455	373	400	3496
10456	382	308	3496
10457	313	322	3497
10458	383	343	3497
10459	357	309	3498
10460	396	368	3498
10461	347	400	3498
10462	358	321	3498
10463	348	367	3499
10464	366	388	3499
10465	302	365	3499
10466	302	376	3499
10467	381	332	3499
10468	358	355	3500
10469	307	367	3500
10470	384	388	3500
10471	372	383	3501
10472	320	319	3501
10473	352	352	3501
10474	312	366	3502
10475	328	397	3502
10476	387	302	3503
10477	397	323	3504
10478	331	370	3504
10479	317	375	3504
10480	361	323	3505
10481	361	391	3505
10482	370	398	3505
10483	382	384	3505
10484	354	324	3505
10485	366	340	3506
10486	327	396	3506
10487	335	396	3506
10488	356	377	3506
10489	387	365	3506
10490	378	395	3507
10491	314	344	3507
10492	331	314	3508
10493	324	360	3508
10494	312	374	3509
10495	330	329	3509
10496	301	309	3509
10497	303	391	3510
10498	321	395	3510
10499	363	315	3510
10500	377	351	3511
10501	336	379	3511
10502	309	331	3511
10503	400	327	3511
10504	370	355	3512
10505	382	387	3512
10506	373	382	3512
10507	389	352	3512
10508	363	355	3513
10509	371	328	3513
10510	334	310	3513
10511	327	372	3514
10512	382	390	3514
10513	320	386	3514
10514	356	400	3515
10515	389	331	3515
10516	397	352	3515
10517	382	385	3515
10518	386	325	3516
10519	392	398	3516
10520	369	327	3516
10521	378	347	3516
10522	356	320	3517
10523	394	347	3518
10524	326	360	3518
10525	320	391	3518
10526	318	352	3519
10527	380	390	3519
10528	353	375	3519
10529	382	380	3519
10530	324	319	3520
10531	315	375	3521
10532	372	383	3522
10533	335	378	3522
10534	305	322	3522
10535	314	357	3523
10536	392	314	3523
10537	394	378	3524
10538	342	313	3524
10539	361	302	3524
10540	392	317	3524
10541	324	389	3525
10542	374	324	3525
10543	329	322	3525
10544	301	301	3525
10545	358	350	3526
10546	312	400	3526
10547	373	389	3526
10548	358	326	3526
10549	338	389	3526
10550	306	398	3527
10551	353	334	3527
10552	358	356	3527
10553	312	311	3527
10554	385	386	3528
10555	388	327	3529
10556	378	333	3529
10557	334	335	3530
10558	396	363	3530
10559	386	378	3530
10560	335	342	3530
10561	394	318	3530
10562	352	349	3531
10563	386	399	3532
10564	359	318	3533
10565	395	358	3533
10566	336	333	3533
10567	381	354	3533
10568	367	381	3533
10569	370	369	3534
10570	387	339	3534
10571	378	382	3534
10572	385	362	3534
10573	343	382	3535
10574	340	360	3535
10575	310	335	3535
10576	392	306	3535
10577	304	301	3535
10578	304	324	3536
10579	397	396	3536
10580	327	318	3536
10581	369	303	3537
10582	338	353	3538
10583	359	388	3539
10584	382	305	3539
10585	379	375	3539
10586	339	383	3539
10587	329	310	3540
10588	301	383	3540
10589	325	336	3540
10590	365	301	3541
10591	347	313	3541
10592	377	351	3542
10593	333	354	3542
10594	349	394	3542
10595	369	325	3543
10596	326	369	3543
10597	387	332	3543
10598	381	327	3544
10599	332	301	3544
10600	339	390	3545
10601	349	310	3545
10602	322	384	3545
10603	372	398	3546
10604	341	366	3546
10605	348	342	3547
10606	321	356	3547
10607	325	374	3548
10608	356	330	3548
10609	373	337	3548
10610	301	349	3549
10611	355	346	3549
10612	315	332	3549
10613	353	325	3549
10614	337	366	3549
10615	342	360	3550
10616	375	376	3551
10617	341	307	3552
10618	373	363	3552
10619	313	396	3552
10620	365	399	3552
10621	354	395	3553
10622	354	306	3554
10623	386	369	3555
10624	385	371	3556
10625	367	392	3557
10626	331	322	3558
10627	339	334	3558
10628	358	329	3558
10629	324	368	3558
10630	396	368	3558
10631	351	358	3559
10632	321	384	3560
10633	360	322	3561
10634	370	308	3561
10635	349	348	3561
10636	325	356	3562
10637	305	386	3563
10638	376	393	3563
10639	323	397	3563
10640	333	342	3563
10641	302	376	3564
10642	305	333	3564
10643	329	375	3564
10644	379	394	3564
10645	325	382	3565
10646	320	336	3566
10647	381	382	3566
10648	341	333	3566
10649	369	341	3567
10650	303	391	3567
10651	355	330	3567
10652	320	308	3568
10653	367	337	3568
10654	395	301	3569
10655	397	391	3569
10656	309	383	3570
10657	306	398	3571
10658	356	398	3571
10659	307	321	3571
10660	363	365	3572
10661	357	325	3572
10662	305	395	3572
10663	328	318	3572
10664	395	339	3572
10665	377	319	3573
10666	349	343	3573
10667	398	325	3573
10668	351	372	3573
10669	303	347	3573
10670	395	395	3574
10671	357	383	3574
10672	389	309	3575
10673	304	364	3575
10674	325	347	3575
10675	384	367	3575
10676	351	339	3575
10677	315	312	3576
10678	327	389	3576
10679	356	389	3576
10680	339	348	3577
10681	356	329	3577
10682	358	345	3577
10683	324	331	3578
10684	326	311	3579
10685	389	313	3579
10686	369	342	3579
10687	369	333	3579
10688	359	369	3580
10689	307	390	3580
10690	328	379	3580
10691	326	361	3580
10692	346	317	3581
10693	397	359	3582
10694	375	395	3582
10695	343	365	3582
10696	397	391	3583
10697	309	361	3583
10698	305	384	3584
10699	351	348	3584
10700	343	369	3584
10701	309	371	3585
10702	373	371	3585
10703	317	323	3585
10704	302	335	3585
10705	392	353	3585
10706	366	327	3586
10707	309	320	3586
10708	315	348	3586
10709	323	388	3586
10710	392	355	3587
10711	366	308	3587
10712	375	303	3587
10713	321	381	3587
10714	355	317	3587
10715	342	327	3588
10716	352	366	3588
10717	359	373	3588
10718	346	312	3588
10719	392	381	3589
10720	368	368	3589
10721	305	353	3589
10722	338	391	3589
10723	353	330	3590
10724	368	397	3591
10725	335	336	3592
10726	356	395	3593
10727	373	371	3593
10728	339	331	3593
10729	362	357	3593
10730	309	328	3593
10731	304	347	3594
10732	338	322	3594
10733	394	325	3594
10734	313	357	3594
10735	346	364	3595
10736	306	352	3595
10737	302	326	3595
10738	326	301	3595
10739	342	338	3596
10740	320	320	3597
10741	319	330	3597
10742	371	324	3598
10743	312	345	3598
10744	346	380	3599
10745	391	360	3599
10746	379	311	3599
10747	383	338	3600
10748	356	311	3600
10749	394	378	3600
10750	366	303	3601
10751	391	344	3602
10752	391	370	3602
10753	323	358	3602
10754	365	332	3602
10755	378	366	3603
10756	378	319	3603
10757	376	400	3603
10758	325	320	3603
10759	362	397	3604
10760	363	361	3604
10761	400	399	3605
10762	329	370	3605
10763	385	325	3605
10764	320	363	3605
10765	393	343	3605
10766	399	329	3606
10767	396	371	3607
10768	330	328	3607
10769	318	302	3607
10770	341	391	3607
10771	385	301	3608
10772	339	365	3608
10773	378	323	3609
10774	362	315	3609
10775	376	374	3609
10776	333	337	3609
10777	303	349	3609
10778	369	368	3610
10779	305	354	3610
10780	390	346	3610
10781	340	303	3610
10782	388	326	3610
10783	333	386	3611
10784	353	356	3612
10785	345	378	3612
10786	329	356	3613
10787	376	368	3613
10788	365	312	3614
10789	309	317	3614
10790	345	322	3614
10791	392	373	3614
10792	384	349	3615
10793	309	389	3615
10794	355	363	3615
10795	347	358	3615
10796	334	361	3615
10797	321	362	3616
10798	338	330	3616
10799	360	391	3616
10800	365	400	3617
10801	353	309	3618
10802	384	392	3618
10803	329	349	3619
10804	333	348	3619
10805	335	302	3619
10806	357	309	3620
10807	316	355	3620
10808	331	341	3620
10809	331	385	3620
10810	308	314	3620
10811	318	341	3621
10812	385	325	3622
10813	328	388	3622
10814	392	374	3622
10815	332	385	3622
10816	356	329	3623
10817	375	317	3623
10818	383	361	3623
10819	376	354	3624
10820	309	367	3624
10821	328	309	3624
10822	360	391	3624
10823	393	325	3624
10824	326	305	3625
10825	364	364	3625
10826	365	323	3625
10827	387	361	3626
10828	358	316	3626
10829	359	358	3627
10830	324	317	3627
10831	398	336	3627
10832	333	378	3627
10833	352	335	3627
10834	383	310	3628
10835	380	380	3628
10836	322	332	3628
10837	312	387	3629
10838	364	330	3629
10839	361	381	3630
10840	385	334	3630
10841	316	344	3631
10842	398	372	3631
10843	376	364	3632
10844	328	384	3633
10845	344	395	3633
10846	377	391	3634
10847	337	346	3634
10848	389	334	3634
10849	322	368	3635
10850	382	385	3635
10851	320	382	3635
10852	361	388	3635
10853	349	314	3635
10854	391	399	3636
10855	347	303	3636
10856	387	307	3636
10857	307	394	3636
10858	386	356	3636
10859	372	335	3637
10860	322	396	3637
10861	304	332	3637
10862	394	358	3637
10863	347	323	3638
10864	306	339	3638
10865	363	363	3639
10866	374	320	3639
10867	375	320	3640
10868	342	350	3640
10869	352	360	3641
10870	328	353	3641
10871	334	363	3641
10872	346	350	3641
10873	328	325	3642
10874	367	382	3643
10875	328	317	3644
10876	325	371	3644
10877	370	318	3645
10878	381	366	3646
10879	304	327	3646
10880	305	338	3647
10881	383	325	3647
10882	380	370	3647
10883	319	361	3647
10884	371	393	3648
10885	391	347	3649
10886	395	319	3649
10887	341	306	3649
10888	327	364	3650
10889	313	391	3650
10890	395	353	3650
10891	394	323	3651
10892	348	331	3651
10893	374	323	3652
10894	387	365	3652
10895	357	396	3652
10896	390	388	3652
10897	346	391	3653
10898	361	363	3654
10899	386	340	3654
10900	341	301	3654
10901	340	375	3654
10902	360	358	3654
10903	326	389	3655
10904	321	304	3656
10905	392	361	3657
10906	390	394	3657
10907	345	316	3657
10908	359	346	3658
10909	326	389	3658
10910	378	377	3658
10911	333	385	3659
10912	370	361	3659
10913	354	334	3659
10914	384	378	3659
10915	390	371	3659
10916	375	356	3660
10917	342	344	3660
10918	362	389	3660
10919	301	385	3660
10920	327	363	3661
10921	369	353	3661
10922	331	327	3661
10923	363	400	3661
10924	388	388	3661
10925	322	329	3662
10926	328	336	3663
10927	387	324	3664
10928	314	363	3665
10929	391	386	3665
10930	352	342	3665
10931	324	316	3666
10932	349	306	3667
10933	387	334	3667
10934	335	306	3667
10935	334	363	3667
10936	372	338	3668
10937	303	398	3668
10938	330	345	3668
10939	317	312	3668
10940	330	386	3668
10941	393	302	3669
10942	343	359	3670
10943	331	373	3670
10944	306	389	3670
10945	384	368	3671
10946	303	332	3671
10947	398	315	3671
10948	314	341	3671
10949	314	396	3671
10950	400	324	3672
10951	392	369	3672
10952	343	369	3673
10953	327	311	3673
10954	391	389	3673
10955	308	354	3674
10956	355	318	3674
10957	342	344	3674
10958	329	390	3674
10959	345	365	3674
10960	350	362	3675
10961	303	390	3676
10962	399	324	3676
10963	308	373	3676
10964	380	342	3676
10965	400	303	3676
10966	394	327	3677
10967	379	310	3677
10968	352	322	3677
10969	364	400	3677
10970	395	378	3677
10971	380	325	3678
10972	330	391	3679
10973	368	319	3679
10974	332	388	3679
10975	356	374	3680
10976	329	361	3680
10977	368	334	3680
10978	377	327	3681
10979	304	375	3681
10980	334	371	3681
10981	364	302	3682
10982	328	324	3682
10983	354	399	3683
10984	344	357	3683
10985	310	314	3684
10986	320	319	3684
10987	308	304	3684
10988	366	376	3685
10989	396	308	3685
10990	331	387	3685
10991	334	387	3685
10992	359	363	3686
10993	397	359	3686
10994	338	394	3687
10995	396	389	3687
10996	362	306	3688
10997	324	396	3688
10998	318	306	3689
10999	308	387	3690
11000	344	386	3690
11001	387	341	3690
11002	335	307	3691
11003	375	305	3692
11004	349	369	3692
11005	314	318	3692
11006	304	353	3693
11007	357	338	3693
11008	359	335	3694
11009	338	379	3694
11010	320	358	3695
11011	378	371	3695
11012	377	354	3695
11013	376	312	3695
11014	345	333	3695
11015	348	361	3696
11016	384	336	3696
11017	350	353	3696
11018	341	351	3696
11019	377	304	3697
11020	353	356	3697
11021	328	363	3697
11022	312	339	3697
11023	309	327	3698
11024	364	379	3699
11025	345	341	3699
11026	369	311	3699
11027	309	368	3699
11028	359	365	3699
11029	384	358	3700
11030	307	351	3700
11031	309	309	3700
11032	347	322	3700
11033	318	380	3701
11034	361	368	3701
11035	348	380	3701
11036	307	364	3701
11037	360	366	3702
11038	398	387	3702
11039	341	306	3702
11040	348	397	3702
11041	380	314	3703
11042	390	308	3703
11043	384	351	3703
11044	326	338	3703
11045	383	301	3703
11046	330	356	3704
11047	343	342	3704
11048	365	312	3704
11049	348	339	3705
11050	321	326	3705
11051	385	347	3705
11052	382	332	3705
11053	395	379	3706
11054	358	396	3706
11055	364	354	3707
11056	355	321	3707
11057	378	395	3707
11058	335	320	3707
11059	358	370	3708
11060	359	356	3708
11061	342	358	3709
11062	361	306	3710
11063	344	355	3710
11064	303	323	3711
11065	307	382	3711
11066	369	332	3711
11067	305	397	3711
11068	384	351	3711
11069	346	331	3712
11070	301	383	3713
11071	330	302	3713
11072	319	336	3713
11073	395	346	3713
11074	361	375	3713
11075	327	379	3714
11076	389	316	3714
11077	308	393	3714
11078	312	369	3714
11079	307	310	3715
11080	371	371	3715
11081	377	319	3715
11082	391	399	3715
11083	375	328	3716
11084	352	366	3716
11085	393	336	3716
11086	334	345	3717
11087	313	392	3718
11088	361	381	3718
11089	353	391	3718
11090	325	383	3719
11091	349	302	3719
11092	307	369	3719
11093	359	381	3720
11094	388	323	3720
11095	376	349	3721
11096	379	322	3721
11097	318	377	3722
11098	308	359	3722
11099	328	341	3723
11100	368	331	3723
11101	323	316	3724
11102	364	386	3724
11103	304	399	3725
11104	317	362	3725
11105	376	361	3725
11106	324	374	3725
11107	361	335	3726
11108	385	366	3727
11109	389	327	3728
11110	394	334	3728
11111	348	387	3728
11112	398	363	3728
11113	389	323	3728
11114	367	357	3729
11115	304	310	3730
11116	359	336	3731
11117	307	382	3731
11118	370	328	3731
11119	334	349	3731
11120	381	348	3731
11121	373	317	3732
11122	341	330	3732
11123	368	342	3733
11124	388	364	3733
11125	388	339	3734
11126	363	393	3734
11127	397	321	3734
11128	387	358	3734
11129	384	366	3735
11130	342	387	3736
11131	301	330	3736
11132	367	347	3736
11133	389	360	3736
11134	377	394	3737
11135	307	328	3737
11136	369	349	3737
11137	323	331	3737
11138	380	316	3738
11139	347	309	3738
11140	362	386	3739
11141	356	303	3739
11142	324	371	3740
11143	318	348	3740
11144	358	312	3740
11145	305	323	3740
11146	311	396	3740
11147	361	310	3741
11148	363	340	3742
11149	349	327	3743
11150	372	396	3743
11151	301	322	3743
11152	342	326	3743
11153	320	314	3743
11154	387	321	3744
11155	316	361	3744
11156	326	377	3744
11157	340	314	3745
11158	377	318	3745
11159	393	307	3745
11160	339	346	3745
11161	390	305	3746
11162	394	373	3746
11163	331	343	3746
11164	346	347	3746
11165	338	333	3747
11166	368	352	3747
11167	317	341	3747
11168	326	366	3747
11169	337	316	3747
11170	361	394	3748
11171	368	353	3748
11172	339	325	3748
11173	347	398	3748
11174	338	370	3749
11175	352	381	3749
11176	326	362	3749
11177	367	367	3749
11178	386	355	3750
11179	378	331	3750
11180	367	335	3750
11181	340	374	3750
11182	365	303	3751
11183	399	357	3751
11184	372	355	3752
11185	368	400	3753
11186	331	351	3754
11187	343	341	3754
11188	340	385	3754
11189	352	370	3754
11190	329	365	3754
11191	392	400	3755
11192	367	393	3755
11193	339	375	3755
11194	322	340	3755
11195	311	400	3756
11196	326	382	3756
11197	354	386	3756
11198	314	382	3757
11199	357	347	3758
11200	336	379	3758
11201	372	327	3758
11202	375	381	3759
11203	360	383	3759
11204	332	391	3759
11205	337	350	3759
11206	314	351	3760
11207	365	383	3760
11208	352	376	3760
11209	366	365	3760
11210	381	384	3761
11211	338	372	3762
11212	350	377	3762
11213	376	372	3762
11214	387	339	3762
11215	333	306	3762
11216	380	346	3763
11217	363	386	3763
11218	356	329	3764
11219	351	396	3764
11220	381	318	3764
11221	398	395	3765
11222	342	349	3765
11223	369	373	3765
11224	315	318	3765
11225	311	392	3766
11226	387	390	3766
11227	374	323	3766
11228	318	309	3767
11229	372	319	3768
11230	394	361	3768
11231	323	307	3769
11232	327	315	3769
11233	318	357	3769
11234	362	399	3769
11235	378	373	3770
11236	328	317	3771
11237	341	387	3771
11238	364	378	3771
11239	359	307	3771
11240	368	332	3771
11241	365	394	3772
11242	362	350	3773
11243	338	394	3773
11244	353	318	3773
11245	322	332	3774
11246	369	384	3775
11247	332	394	3775
11248	305	347	3776
11249	380	339	3776
11250	343	304	3777
11251	327	337	3777
11252	314	324	3778
11253	361	400	3778
11254	376	323	3779
11255	333	339	3779
11256	398	377	3779
11257	382	331	3779
11258	335	314	3780
11259	395	396	3780
11260	374	397	3780
11261	382	330	3780
11262	342	306	3780
11263	379	397	3781
11264	384	307	3781
11265	364	349	3781
11266	364	386	3781
11267	371	335	3781
11268	370	345	3782
11269	363	394	3783
11270	330	400	3783
11271	317	373	3783
11272	374	389	3783
11273	376	304	3784
11274	373	306	3784
11275	335	351	3784
11276	379	305	3784
11277	322	394	3784
11278	339	374	3785
11279	349	390	3786
11280	397	347	3786
11281	337	312	3786
11282	367	353	3787
11283	378	316	3788
11284	388	319	3788
11285	362	341	3789
11286	388	368	3789
11287	394	379	3790
11288	370	348	3790
11289	381	362	3791
11290	366	352	3791
11291	308	322	3791
11292	347	306	3791
11293	384	331	3791
11294	372	373	3792
11295	400	350	3793
11296	341	357	3793
11297	383	350	3794
11298	315	383	3794
11299	368	305	3795
11300	396	352	3796
11301	310	333	3796
11302	325	362	3796
11303	379	349	3796
11304	312	364	3797
11305	369	335	3798
11306	372	309	3798
11307	376	392	3798
11308	382	384	3798
11309	321	381	3798
11310	336	358	3799
11311	375	368	3799
11312	370	356	3799
11313	398	332	3799
11314	361	321	3800
11315	387	341	3800
11316	326	352	3801
11317	356	332	3801
11318	331	360	3801
11319	334	357	3802
11320	364	319	3802
11321	310	379	3802
11322	384	379	3802
11323	320	358	3802
11324	335	377	3803
11325	364	379	3803
11326	355	351	3803
11327	393	304	3803
11328	329	369	3803
11329	354	328	3804
11330	345	310	3804
11331	308	333	3804
11332	345	335	3805
11333	304	340	3806
11334	314	387	3807
11335	384	391	3807
11336	382	354	3807
11337	354	301	3808
11338	324	370	3808
11339	361	368	3809
11340	367	316	3809
11341	380	339	3809
11342	353	338	3810
11343	307	338	3810
11344	344	390	3811
11345	393	342	3811
11346	364	379	3812
11347	349	310	3812
11348	382	333	3812
11349	334	362	3813
11350	355	332	3813
11351	339	379	3813
11352	394	319	3814
11353	309	349	3814
11354	360	339	3814
11355	357	365	3814
11356	310	360	3814
11357	359	372	3815
11358	392	328	3815
11359	316	371	3815
11360	307	338	3815
11361	400	318	3815
11362	347	356	3816
11363	329	387	3817
11364	362	302	3817
11365	337	344	3818
11366	349	352	3819
11367	323	375	3819
11368	379	336	3819
11369	345	378	3819
11370	398	347	3820
11371	386	340	3820
11372	384	320	3820
11373	368	305	3821
11374	393	369	3822
11375	359	345	3822
11376	347	347	3823
11377	354	382	3824
11378	379	308	3824
11379	309	364	3824
11380	369	307	3824
11381	385	339	3824
11382	340	372	3825
11383	335	366	3825
11384	365	378	3825
11385	345	319	3826
11386	378	327	3826
11387	354	377	3826
11388	321	377	3826
11389	374	313	3826
11390	327	320	3827
11391	313	332	3827
11392	325	359	3827
11393	327	336	3827
11394	348	367	3827
11395	397	309	3828
11396	316	366	3828
11397	330	389	3828
11398	309	334	3828
11399	320	383	3828
11400	321	346	3829
11401	319	345	3830
11402	314	341	3830
11403	397	348	3831
11404	330	307	3831
11405	303	347	3831
11406	392	380	3831
11407	329	398	3831
11408	371	333	3832
11409	386	379	3832
11410	399	379	3832
11411	351	321	3833
11412	311	347	3834
11413	375	326	3834
11414	378	313	3835
11415	385	311	3835
11416	324	335	3836
11417	393	362	3836
11418	345	382	3836
11419	380	309	3837
11420	319	314	3837
11421	329	322	3837
11422	343	383	3837
11423	392	308	3837
11424	339	369	3838
11425	305	394	3839
11426	374	306	3840
11427	338	350	3840
11428	326	315	3840
11429	356	344	3840
11430	399	362	3840
11431	389	363	3841
11432	366	326	3841
11433	328	346	3841
11434	334	379	3841
11435	367	346	3842
11436	352	372	3842
11437	331	391	3842
11438	384	314	3843
11439	374	363	3843
11440	308	317	3843
11441	331	303	3843
11442	366	313	3844
11443	345	335	3844
11444	353	393	3844
11445	316	328	3844
11446	389	318	3844
11447	354	304	3845
11448	319	352	3846
11449	362	339	3847
11450	314	377	3847
11451	354	375	3847
11452	308	385	3848
11453	354	368	3848
11454	313	316	3848
11455	384	355	3848
11456	381	348	3848
11457	346	385	3849
11458	319	381	3849
11459	344	375	3850
11460	333	368	3850
11461	313	354	3850
11462	399	357	3850
11463	305	359	3850
11464	373	341	3851
11465	385	302	3851
11466	351	368	3851
11467	340	333	3852
11468	334	397	3852
11469	305	388	3853
11470	348	362	3853
11471	307	397	3853
11472	312	303	3853
11473	315	329	3853
11474	382	357	3854
11475	400	371	3854
11476	371	394	3855
11477	382	320	3855
11478	400	335	3855
11479	355	360	3855
11480	354	315	3855
11481	302	342	3856
11482	335	305	3856
11483	307	384	3856
11484	364	371	3856
11485	341	354	3857
11486	364	321	3857
11487	321	389	3857
11488	361	392	3857
11489	307	305	3857
11490	318	389	3858
11491	302	351	3859
11492	306	316	3859
11493	320	353	3859
11494	327	372	3859
11495	325	378	3860
11496	309	352	3861
11497	387	336	3861
11498	314	365	3861
11499	371	348	3862
11500	302	342	3862
11501	310	396	3862
11502	377	328	3862
11503	399	362	3862
11504	369	335	3863
11505	360	342	3863
11506	320	370	3864
11507	399	374	3864
11508	318	354	3865
11509	398	315	3865
11510	398	311	3865
11511	386	327	3866
11512	335	365	3867
11513	323	309	3867
11514	375	358	3868
11515	360	376	3868
11516	308	312	3869
11517	367	356	3869
11518	386	316	3869
11519	323	331	3870
11520	385	357	3870
11521	308	315	3870
11522	339	328	3870
11523	400	305	3871
11524	344	304	3871
11525	316	348	3871
11526	391	307	3871
11527	323	338	3871
11528	354	395	3872
11529	321	386	3873
11530	384	329	3873
11531	339	308	3873
11532	314	395	3873
11533	324	364	3874
11534	335	368	3875
11535	303	338	3875
11536	333	330	3875
11537	359	317	3875
11538	315	350	3875
11539	349	302	3876
11540	341	319	3876
11541	369	318	3877
11542	314	330	3877
11543	366	334	3877
11544	398	308	3877
11545	385	333	3877
11546	342	391	3878
11547	307	373	3878
11548	374	360	3878
11549	339	372	3878
11550	374	308	3878
11551	380	355	3879
11552	355	315	3879
11553	372	306	3879
11554	318	355	3879
11555	384	386	3879
11556	382	370	3880
11557	385	304	3880
11558	313	314	3880
11559	311	301	3881
11560	368	331	3881
11561	394	389	3882
11562	309	306	3882
11563	360	308	3883
11564	373	389	3883
11565	302	345	3884
11566	303	304	3885
11567	358	334	3886
11568	311	365	3887
11569	323	358	3887
11570	346	303	3887
11571	350	334	3888
11572	383	387	3888
11573	362	361	3888
11574	391	306	3888
11575	317	339	3889
11576	346	319	3889
11577	352	393	3889
11578	387	378	3889
11579	374	320	3890
11580	357	341	3891
11581	380	326	3891
11582	338	325	3891
11583	317	312	3891
11584	337	344	3892
11585	385	368	3892
11586	325	340	3892
11587	398	359	3892
11588	358	393	3893
11589	339	365	3894
11590	387	337	3894
11591	352	333	3894
11592	332	340	3895
11593	327	370	3895
11594	359	343	3895
11595	381	302	3895
11596	375	313	3895
11597	387	370	3896
11598	328	390	3897
11599	361	376	3898
11600	304	340	3899
11601	380	304	3899
11602	302	318	3899
11603	355	335	3900
11604	374	333	3900
11605	362	348	3900
11606	301	380	3900
11607	366	318	3900
11608	328	370	3901
11609	349	388	3902
11610	316	368	3902
11611	357	323	3903
11612	369	384	3903
11613	366	356	3904
11614	309	364	3904
11615	385	324	3904
11616	329	310	3904
11617	396	362	3905
11618	399	393	3905
11619	367	325	3905
11620	370	321	3905
11621	363	348	3905
11622	365	330	3906
11623	331	361	3906
11624	309	320	3906
11625	322	365	3906
11626	305	377	3907
11627	321	309	3907
11628	372	398	3907
11629	318	388	3907
11630	384	362	3907
11631	306	359	3908
11632	328	321	3909
11633	345	359	3909
11634	389	394	3909
11635	386	359	3909
11636	311	392	3909
11637	362	347	3910
11638	377	381	3910
11639	395	369	3910
11640	382	341	3911
11641	379	383	3911
11642	377	363	3911
11643	381	388	3912
11644	304	346	3912
11645	329	348	3912
11646	328	311	3912
11647	344	369	3913
11648	362	314	3913
11649	339	355	3913
11650	351	313	3914
11651	400	338	3914
11652	341	330	3914
11653	351	359	3914
11654	330	358	3915
11655	367	310	3915
11656	337	393	3915
11657	370	323	3915
11658	309	390	3916
11659	303	375	3916
11660	314	371	3917
11661	368	327	3917
11662	390	375	3917
11663	355	310	3917
11664	312	357	3918
11665	382	314	3919
11666	359	317	3919
11667	323	368	3919
11668	336	380	3919
11669	354	332	3919
11670	330	364	3920
11671	327	363	3920
11672	357	338	3920
11673	327	309	3920
11674	366	328	3920
11675	321	316	3921
11676	319	391	3922
11677	332	357	3922
11678	370	362	3922
11679	355	306	3922
11680	334	305	3923
11681	308	323	3923
11682	342	350	3923
11683	332	355	3924
11684	390	379	3924
11685	346	378	3924
11686	371	326	3924
11687	338	318	3924
11688	310	314	3925
11689	341	350	3925
11690	378	331	3926
11691	321	329	3926
11692	350	355	3927
11693	359	343	3927
11694	327	353	3928
11695	302	397	3929
11696	311	321	3930
11697	378	320	3930
11698	315	326	3930
11699	359	310	3930
11700	315	358	3930
11701	335	388	3931
11702	399	384	3931
11703	342	355	3931
11704	336	364	3932
11705	334	335	3932
11706	309	306	3932
11707	316	334	3933
11708	393	338	3933
11709	362	377	3933
11710	360	375	3933
11711	334	399	3933
11712	323	306	3934
11713	372	303	3934
11714	330	309	3934
11715	321	400	3935
11716	378	368	3935
11717	387	346	3935
11718	312	304	3935
11719	303	337	3936
11720	312	354	3936
11721	322	342	3936
11722	315	303	3937
11723	339	357	3937
11724	305	312	3937
11725	382	325	3938
11726	356	337	3938
11727	339	348	3938
11728	384	355	3938
11729	353	336	3939
11730	356	350	3939
11731	327	315	3940
11732	358	343	3940
11733	358	309	3941
11734	350	320	3941
11735	383	317	3941
11736	354	311	3941
11737	343	386	3941
11738	336	389	3942
11739	370	320	3943
11740	399	316	3943
11741	304	301	3943
11742	372	379	3943
11743	317	307	3943
11744	308	332	3944
11745	324	303	3944
11746	348	357	3944
11747	342	343	3944
11748	342	358	3944
11749	335	360	3945
11750	396	322	3945
11751	330	381	3945
11752	366	334	3946
11753	343	386	3947
11754	394	364	3947
11755	317	326	3947
11756	311	362	3947
11757	400	306	3947
11758	334	325	3948
11759	392	328	3948
11760	397	315	3948
11761	309	339	3948
11762	365	396	3949
11763	375	328	3949
11764	318	382	3949
11765	369	323	3950
11766	302	362	3950
11767	316	379	3950
11768	355	376	3950
11769	307	334	3951
11770	339	347	3951
11771	337	388	3951
11772	381	359	3952
11773	396	381	3952
11774	379	330	3952
11775	319	341	3952
11776	312	344	3952
11777	322	335	3953
11778	326	387	3954
11779	366	389	3954
11780	397	383	3954
11781	336	376	3955
11782	364	339	3955
11783	390	374	3955
11784	329	324	3956
11785	344	344	3956
11786	359	325	3956
11787	323	309	3956
11788	394	322	3956
11789	316	388	3957
11790	382	349	3957
11791	364	365	3958
11792	358	386	3958
11793	337	334	3958
11794	400	398	3959
11795	380	357	3959
11796	343	372	3960
11797	393	354	3961
11798	370	328	3962
11799	368	393	3962
11800	314	320	3963
11801	352	371	3964
11802	326	338	3965
11803	397	384	3965
11804	400	342	3965
11805	315	308	3965
11806	376	307	3965
11807	310	323	3966
11808	305	347	3966
11809	337	388	3966
11810	310	305	3966
11811	358	396	3966
11812	363	311	3967
11813	359	332	3967
11814	400	333	3967
11815	358	370	3968
11816	368	387	3968
11817	348	308	3969
11818	330	331	3969
11819	392	362	3969
11820	325	361	3969
11821	369	318	3969
11822	304	304	3970
11823	342	398	3971
11824	395	340	3971
11825	316	345	3971
11826	379	380	3972
11827	342	370	3972
11828	343	368	3972
11829	361	396	3972
11830	315	306	3972
11831	372	359	3973
11832	349	319	3973
11833	314	327	3974
11834	379	301	3975
11835	333	311	3975
11836	399	363	3975
11837	304	311	3975
11838	380	391	3975
11839	361	385	3976
11840	336	309	3977
11841	364	339	3977
11842	337	317	3978
11843	325	348	3978
11844	383	395	3979
11845	327	390	3979
11846	363	306	3979
11847	341	336	3979
11848	358	396	3979
11849	351	351	3980
11850	393	374	3981
11851	399	365	3982
11852	380	376	3982
11853	339	353	3982
11854	390	360	3982
11855	337	398	3982
11856	320	311	3983
11857	346	393	3983
11858	370	382	3984
11859	323	385	3984
11860	341	351	3984
11861	395	394	3985
11862	337	301	3985
11863	334	334	3985
11864	334	367	3985
11865	328	393	3985
11866	350	349	3986
11867	347	392	3987
11868	356	314	3987
11869	319	381	3987
11870	351	338	3987
11871	301	316	3988
11872	333	342	3989
11873	384	307	3989
11874	376	375	3989
11875	357	344	3989
11876	344	333	3990
11877	302	310	3990
11878	310	369	3990
11879	393	373	3990
11880	374	381	3991
11881	310	351	3991
11882	328	303	3991
11883	332	393	3991
11884	360	370	3992
11885	386	362	3992
11886	340	356	3992
11887	359	397	3992
11888	342	380	3992
11889	340	374	3993
11890	357	385	3993
11891	371	333	3994
11892	351	341	3994
11893	373	370	3995
11894	350	392	3995
11895	327	361	3995
11896	370	359	3995
11897	356	330	3995
11898	323	365	3996
11899	362	383	3997
11900	397	359	3997
11901	387	309	3997
11902	324	308	3997
11903	378	315	3998
11904	400	317	3998
11905	338	330	3998
11906	368	351	3999
11907	370	396	3999
11908	382	379	4000
11909	380	301	4000
\.


--
-- Data for Name: events_client; Type: TABLE DATA; Schema: public; Owner: postgres
--

COPY public.events_client (id, name, e_mail, phone_number) FROM stdin;
301	Sypek Sp. z o.o.	edylong@example.org	734 004 184
302	Gabinety Kawala Sp. z o.o.	sandra49@example.com	+48 600 727 798
303	Szkopek S.A.	okinder@example.net	+48 787 658 547
304	FPUH Wardziak	kruszonasylwia@example.org	731 733 162
305	Fundacja Ogrodowicz	mikolaj02@example.com	726 707 866
306	Madajczyk i syn s.c.	piechnasandra@example.net	+48 728 012 181
307	FPUH Matraszek-Siudek Sp. z o.o. Sp.k.	agodyn@example.net	+48 605 286 191
308	Podgrna-Hajduga Sp.j.	ljaniga@example.com	660 950 718
309	Stowarzyszenie Mszyca i syn s.c.	bkolesnik@example.org	32 504 00 66
310	Golan-Labudda S.A.	anna-mariazysk@example.com	+48 729 649 621
311	Mydlak-Wana Sp.k.	kornellamch@example.org	+48 731 242 137
312	Grupa Kuka	natanielmaslon@example.com	576 765 350
313	Dryk-Wenda Sp. z o.o. Sp.k.	cezarycichowlas@example.org	729 168 639
314	Spdzielnia Pachoek-Kidawa Sp. z o.o.	blankaapanowicz@example.net	+48 730 375 630
315	Hrynkiewicz-Roszkiewicz Sp.j.	ckurczak@example.net	+48 787 747 450
316	Gabinety Semik-Zacharczuk s.c.	stanislawwegier@example.org	501 040 724
317	FPUH Strjws i syn s.c.	elzbieta32@example.com	796 627 226
318	Cal-Wiercigroch Sp.j.	elertkazimierz@example.org	664 820 069
319	PPUH Niemczuk-Koczko i syn s.c.	norbertszalas@example.org	+48 664 361 515
320	Grupa Piotrowiak S.A.	filip85@example.com	+48 508 952 393
321	Spdzielnia Fraszczyk s.c.	kwapienjeremi@example.com	+48 532 307 635
322	Fundacja Szpara-Poleszak Sp.j.	kalinajaskowiec@example.com	+48 667 410 763
323	Rudzik-Wasilewicz Sp.k.	ernest61@example.com	509 753 695
324	Mieszaa i syn s.c.	dagmaramazepa@example.net	+48 603 087 920
325	Spdzielnia epek-Linek s.c.	adamksel@example.net	572 821 270
326	Gabinety Dbrowicz Sp.j.	karol90@example.org	+48 665 941 701
327	Zaczyk-bik Sp.k.	gabriel02@example.net	532 409 287
328	Stowarzyszenie Gryka	kornelia96@example.net	571 032 250
329	Grupa uszczak-Styn Sp.j.	biankafrankowicz@example.com	+48 607 619 166
330	Szpyt Sp. z o.o.	michal63@example.com	880 175 741
331	Spdzielnia Linek Sp.j.	patrykkubiaczyk@example.org	22 023 57 04
332	Grabias-Bartkowicz i syn s.c.	iwozebik@example.org	538 003 596
333	Gabinety wirko	blanka37@example.net	660 600 273
334	Spdzielnia Korta	troskosz@example.net	780 248 680
335	FPUH Nieroda-Zagodon Sp.j.	nitekkarina@example.net	+48 784 767 293
336	Tasarz-Orpel s.c.	franciszekfidler@example.com	530 347 276
337	Gabinety Holc-uberek s.c.	radoslaw78@example.com	798 701 104
338	PPUH Siemieczuk Sp. z o.o.	krystynademianczuk@example.net	+48 692 692 254
339	Kuziora-Kozon i syn s.c.	uszostak@example.com	+48 785 540 706
340	Grupa Cybul-Franas Sp. z o.o.	robertpeciak@example.com	533 584 156
341	Fundacja Niemira	dbielat@example.org	+48 697 350 606
342	Fundacja Wadoch-Kzka Sp.j.	dworczakkrystian@example.org	537 827 912
343	Stowarzyszenie Teodorowicz	buchholzandrzej@example.net	667 710 045
344	Grupa Cyrulik Sp.k.	cezarywaniek@example.com	780 889 144
345	Siara-Melaniuk Sp.k.	maksymkarol@example.org	727 639 076
346	Fundacja Osica-Starzak Sp. z o.o. Sp.k.	kubekantoni@example.org	+48 721 247 859
347	Danieluk-Wylegaa i syn s.c.	gajownikkonstanty@example.net	578 466 782
348	Grupa Stupak-Szrama s.c.	kajetanbetlej@example.net	+48 697 029 849
349	Spdzielnia Cichos Sp. z o.o. Sp.k.	jgaluba@example.net	572 114 945
350	Bojdo Sp.j.	akycia@example.net	666 316 687
351	Gapys i syn s.c.	mszycamariusz@example.com	732 016 989
352	Gabinety Zapadka Sp.j.	aleks63@example.net	889 542 354
353	Gabinety Goj	dkadela@example.com	739 029 271
354	Hak Sp. z o.o. Sp.k.	wdowczykkornelia@example.net	+48 796 276 781
355	Grupa Lica	artur81@example.org	+48 514 693 559
356	Rybus s.c.	leonarddziarmaga@example.com	508 270 547
357	Fundacja Bujas-Perlik S.A.	julitaszela@example.org	504 392 645
358	PPUH Choro	jedrzej68@example.com	571 129 877
359	Prasek Sp. z o.o. Sp.k.	fbrodowicz@example.org	+48 22 373 86 8
360	odyga-Grzela Sp.k.	alexmachowicz@example.com	886 375 746
361	Fundacja Wrzeniak Sp.k.	ksawery70@example.com	+48 517 413 866
362	PPUH Bernard S.A.	kucharzmarek@example.org	+48 22 135 98 1
363	Szymaczak-Dbniak i syn s.c.	erykdyrek@example.org	+48 512 532 993
364	Spdzielnia Ciua-Piesik i syn s.c.	dominik04@example.org	723 972 319
365	Spdzielnia Siara	elizajaskowiec@example.org	531 002 450
366	Spdzielnia Bortkiewicz Sp.j.	ngregorczuk@example.com	+48 519 553 802
367	Fundacja Szyca s.c.	robert94@example.net	504 986 196
368	FPUH Strug S.A.	kupiduratymoteusz@example.org	509 769 902
369	Drewnik Sp.j.	gregorowiczryszard@example.com	530 825 512
370	PPUH Matuszyk Sp.k.	wietechakamila@example.org	+48 32 333 29 8
371	Gabinety bik-Nitkiewicz Sp. z o.o. Sp.k.	makskorzeniak@example.com	+48 662 224 306
372	Spdzielnia Brejnak	kajetansierzant@example.com	722 966 658
373	Grupa Dynia-Gill Sp.j.	steckiewiczewa@example.com	537 505 006
374	Kazana-Bejm S.A.	rodawitold@example.net	+48 22 875 45 2
375	Korzekwa Sp.k.	dybasblanka@example.com	+48 781 604 192
376	Zdobylak Sp.k.	paciamaurycy@example.com	512 817 422
377	Skoneczna i syn s.c.	mariusz38@example.com	728 426 846
378	PPUH Dubel	karinafronczek@example.org	792 239 659
379	Gabinety Kubw-Dziao Sp.j.	urszula44@example.org	726 479 699
380	Goss i syn s.c.	kacper57@example.net	22 830 69 71
381	PPUH Kargol-Kabza Sp.j.	lfurmankiewicz@example.net	885 171 764
382	Dzidek i syn s.c.	anastazja16@example.com	+48 885 748 538
383	Bielas-Kryszczuk i syn s.c.	markielewelina@example.com	+48 721 645 229
384	FPUH Wosiak	armatabartek@example.net	+48 660 683 850
385	Dudko-Lica S.A.	walodorota@example.net	518 463 199
386	FPUH Mako	charemza@example.com	+48 888 625 853
387	Gabinety Bacia	kajalukasiuk@example.org	+48 537 014 047
388	Gabinety Wyroba-Rychcik s.c.	kasicaolga@example.com	+48 32 490 51 2
389	Orszulik-Moskalik i syn s.c.	yochwat@example.net	+48 699 071 002
390	Strzpek Sp.j.	ndej@example.org	+48 739 430 170
391	Stowarzyszenie Surdyk Sp.k.	lnurkiewicz@example.com	+48 515 535 683
392	Ludwik Sp. z o.o.	rkarkocha@example.net	786 819 661
393	Wochnik-Mokwa Sp. z o.o. Sp.k.	giedrojcmariusz@example.org	577 619 831
394	Spdzielnia Klaus	kbork@example.net	519 112 489
395	Felu-Maruszczyk Sp. z o.o. Sp.k.	ulachacz@example.org	+48 726 363 046
396	Fundacja Kido-Karmelita s.c.	jozef25@example.org	+48 519 698 713
397	Grnisiewicz Sp.j.	wojciech54@example.org	+48 724 935 225
398	Smela Sp.j.	dominik55@example.net	+48 517 020 981
399	Grzelczyk Sp.k.	adam07@example.net	22 921 42 57
400	Koco-Mizak i syn s.c.	grzegorz11@example.org	793 691 473
\.


--
-- Data for Name: events_employee; Type: TABLE DATA; Schema: public; Owner: postgres
--

COPY public.events_employee (id, first_name, last_name, specialization, e_mail, phone_number) FROM stdin;
301	Wojciech	Kazubek	Klechdarz	tobiasz01@example.com	+48 22 022 01 5
302	Nikodem	Waszczyk	Satyryk	ignacywocial@example.org	+48 884 465 206
303	Maks	Boduch	Konsultant	stefan29@example.net	780 329 798
304	Eryk	Strjws	Ergonomista	vklatka@example.net	+48 739 002 167
305	Tomasz	Galuba	Kupiec	frembacz@example.org	+48 577 178 838
306	Adam	Klejna	Leniczy	nierodafabian@example.org	513 363 773
307	Arkadiusz	Muc	Aktor dziecicy	odurlak@example.com	733 939 341
308	Iwo	Huber	Konsultant lubny	frukaczborys@example.net	+48 886 210 037
309	Anita	Wolff	Finansista	imalon@example.com	572 048 716
310	Klara	Draus	Pakowacz	urszula07@example.com	791 827 051
311	Jerzy	Zicik	Zoopsycholog	gragus@example.net	32 088 76 78
312	Tymon	Pastucha	Kasjer biletowy	olga64@example.net	+48 574 424 538
313	Jerzy	Mirga	Technik mechanik	albert74@example.com	+48 538 823 343
314	Julian	Hankiewicz	Kuk	gpiksa@example.net	537 720 161
315	Sara	Rohde	Iluzjonista	julita84@example.com	605 169 977
316	Adrian	Fyda	Pakowacz	tkacperek@example.com	664 658 530
317	Albert	Tytko	Hycel	wojtynafryderyk@example.net	789 560 349
318	Marika	Bembenek	Geolog	kalistamalwina@example.org	22 543 19 89
319	Jzef	Winek	Sprztacz	rzacaaleks@example.net	794 596 588
320	Maks	Magryta	Kosmonauta	tobiaszkopala@example.net	+48 530 137 210
321	Emil	Pocharczyk	Bibliotekarz	vgrzebyk@example.net	+48 739 677 930
322	Ernest	Uzibo	Kurier rowerowy	sheinrich@example.org	+48 780 348 479
323	Arkadiusz	Narony	Tokarz	litwinowicznorbert@example.org	+48 535 850 764
324	Mariusz	Kopaa	Pakowacz	fstanaszek@example.com	32 033 48 36
325	Fabian	Goofit	Aktuariusz	tatarekradoslaw@example.net	+48 698 428 217
326	Justyna	Zagodon	Tumacz przysigy	angelika53@example.com	+48 513 380 623
327	Krystyna	Sajng	Kosztorysant	wierzchonkacper@example.net	510 955 666
328	Maks	Parda	Architekt wntrz	vkordys@example.net	+48 604 799 095
329	Marcel	Stachewicz	Inynier	maksslonka@example.org	664 673 626
330	Jacek	Pronobis	Porednik w obrocie nieruchomociami	dagmarasot@example.org	793 843 345
331	Monika	Irla	Pracownik socjalny	mariannakossak@example.net	+48 533 904 926
332	Nicole	Oka	Likwidator szkd	spabis@example.com	792 485 627
333	Jeremi	Majzner	Likwidator szkd	imajczyna@example.net	+48 698 177 438
334	Radosaw	Jarosiewicz	Porednik finansowy	mariusz30@example.com	792 614 174
335	Damian	Chadaj	Technik handlowiec	cyprian50@example.net	575 950 714
336	Iwo	Szela	Architekt krajobrazu	kolodziejakksawery@example.org	695 393 807
337	Kacper	Baster	Rekwizytor	szczepanolga@example.org	+48 881 919 182
338	ukasz	Olchawa	Koniarze	ignacy52@example.org	735 605 205
339	Piotr	Zacharek	Rzeczoznawca majtkowy	blankalupina@example.org	+48 738 866 005
340	Kaja	Syk	Lekarz weterynarii	karpiaksylwia@example.org	734 859 729
341	Antoni	John	Redaktor	mtaciak@example.com	572 745 721
342	Borys	Kustosz	Sprztacz	angelika89@example.com	882 685 806
343	Nicole	Horbacz	Redaktor naukowy	arkadiusz40@example.org	+48 22 078 77 9
344	Aleks	Nazarko	Kurier	alan38@example.com	572 427 981
345	Marianna	aciak	Aktuariusz	zsmoter@example.net	+48 726 954 781
346	Krzysztof	Kiepas	Masztalerz	zmaliglowka@example.org	725 099 846
347	Marek	Bartomiejczyk	Pisarz	jakubmaterek@example.com	887 709 378
348	Kamil	Plich	Aktor gosowy	wwalocha@example.net	+48 22 127 29 3
349	Jdrzej	Horbacz	Bankowiec	ryszard49@example.org	609 476 501
350	Tymon	Cika	Elektromonter pomiarw	lluks@example.org	+48 605 383 047
351	Lidia	Bondaruk	Straak	kornelia61@example.com	32 429 41 70
352	Nataniel	Klczar	Drwal	lukasz39@example.com	+48 500 269 953
353	Krystian	Hrabia	Ratownik przedmedyczny	radoslaw29@example.org	667 286 799
354	Stefan	Michel	Rolnik	obakiewicz@example.net	+48 502 323 127
355	Maks	Goworek	Integrator automatyki	bartekdzieza@example.net	+48 698 986 598
356	Ryszard	Warcha	Barman	mpodkowa@example.net	696 655 398
357	Sara	Dbkiewicz	Szlifierz	bkretek@example.org	788 450 815
358	Leon	wi	Makler morski	ubondyra@example.com	574 127 940
359	Radosaw	Jasica	Pakowacz	bkarpiel@example.net	+48 665 773 348
360	Oliwier	Kaczan	Teksturator	alexwojtalik@example.com	+48 781 977 281
361	Aniela	Stupak	Wydawca	korzeniakcezary@example.net	518 817 374
362	Lidia	Gryska	Rzecznik prasowy	buszkiewiczryszard@example.com	+48 697 647 016
363	Baej	Patalas	Producent wykonawczy	lipoktymon@example.org	+48 22 446 90 1
364	Gabriel	Janczura	Barman	nicolewandas@example.org	32 522 70 01
365	Sebastian	Gca	Bankowiec	gustawprostak@example.com	+48 691 138 030
366	Jdrzej	Hanusiak	Konsultant	cidzi@example.com	+48 881 414 523
367	Szymon	Molak	Doker	sylwia51@example.org	880 084 256
368	Damian	Mako	Kurier rowerowy	dstachewicz@example.net	794 900 872
369	Kalina	Gierat	Kurator sdowy	cgrys@example.com	787 113 559
370	Julianna	Kordus	Archeolog	pklorek@example.net	+48 501 904 133
371	Konstanty	Waluk	Satyryk	gryszkiewiczmaurycy@example.com	737 846 619
372	Norbert	Palonek	Lalkarz	marika07@example.org	+48 662 197 267
373	Inga	Podgrny	Katecheta	kazimierzpyszka@example.com	698 799 370
374	Sonia	Dyszy	Psycholog	amajczyna@example.org	+48 600 629 650
375	Witold	Szalast	Aktor	hamerlamieszko@example.org	+48 723 248 070
376	Kajetan	Lica	Dziennikarz	domkajakub@example.net	737 760 635
377	Hubert	Olszyna	Kierowca	drygaseliza@example.com	516 498 512
378	Patryk	Wok	Technik kelner	matelajacek@example.org	727 259 242
379	Kacper	Szpyra	Satyryk	vszajner@example.org	+48 504 010 359
380	Cezary	Milka	Scenograf	maks34@example.net	+48 577 110 692
381	Gustaw	ukowiak	Kostiumograf	qzlotnik@example.net	+48 519 716 696
382	Ernest	Dworczak	Przedstawiciel handlowy	lmorawiak@example.net	+48 798 834 986
383	Marcel	Fidos	Technik nawigator morski	lpochopien@example.net	888 190 191
384	Kornel	Sawik	Sztygar	ewelina03@example.org	+48 574 025 478
385	Jerzy	Wypir	Inscenizator	drelamarcel@example.net	518 228 087
386	Natan	Giedroj	Leniczy	eliza50@example.com	885 746 822
387	Karol	Przybycie	Archiwista	nawroteklidia@example.org	886 568 719
388	Pawe	Gaat	Elektromonter pomiarw	kornelia20@example.net	+48 696 666 609
389	Melania	Senator	Niania	nikodemszlaga@example.org	+48 608 815 670
390	Maciej	Litwiczuk	Kiper	sylwia01@example.org	784 315 261
391	Przemysaw	Olizo	Oceanonauta	umolka@example.net	+48 889 644 530
392	Jdrzej	Samulak	Architekt wntrz	malwinalabus@example.org	+48 666 885 753
393	Dagmara	Baejewicz	Audytor efektywnoci energetycznej	lidia54@example.com	603 321 501
394	Nataniel	Mironiuk	Modelka duych rozmiarw	umalka@example.net	32 293 02 66
395	Jeremi	Lempart	Pisarz	olgadoliwa@example.com	+48 723 441 192
396	Baej	Kuziora	Babcia klozetowa	qbojczuk@example.org	+48 781 731 605
397	Urszula	Prochownik	Ksidz	sapetakornel@example.org	+48 32 078 42 3
398	Tymoteusz	Samson	Likwidator szkd	tymonkoska@example.net	575 355 072
399	Ra	Sotysek	Ekwilibrystyka	sabakkamil@example.org	728 005 970
400	Rozalia	Hada	Leniczy	kamil87@example.com	515 845 599
\.


--
-- Data for Name: events_event; Type: TABLE DATA; Schema: public; Owner: postgres
--

COPY public.events_event (id, name, start_time, end_time, protocol_number, seller_id, place_id) FROM stdin;
3001	brand customized infrastructures	2020-02-20	2020-03-09	END-905	386	124
3002	engage real-time systems	2022-01-25	2022-01-28	NXB-777	384	128
3003	extend dynamic networks	2020-12-29	2020-12-31	PHN-535	386	121
3004	visualize one-to-one content	2020-02-09	2020-02-24	NQQ-456	384	126
3005	seize real-time interfaces	2021-11-11	2021-11-18	KUA-147	400	113
3006	leverage innovative convergence	2020-02-10	2020-03-02	FIT-465	400	143
3007	evolve frictionless info-mediaries	2020-12-03	2020-12-14	RZZ-116	381	118
3008	utilize back-end relationships	2022-10-06	2022-10-12	NKK-292	384	116
3009	utilize global models	2023-03-28	2023-04-12	EYT-730	400	131
3010	engineer innovative channels	2021-05-16	2021-06-02	ILB-579	381	114
3011	strategize web-enabled niches	2022-06-02	2022-06-21	EOX-778	381	103
3012	unleash out-of-the-box systems	2020-12-16	2020-12-27	QIV-625	399	104
3013	re-intermediate revolutionary methodologies	2021-11-22	2021-12-08	EKU-106	399	117
3014	implement ubiquitous deliverables	2023-02-23	2023-02-24	YKP-371	381	139
3015	reinvent magnetic functionalities	2021-09-01	2021-09-12	OCP-731	384	116
3016	generate collaborative convergence	2021-10-30	2021-11-19	DAY-526	384	125
3017	matrix cross-platform systems	2022-09-01	2022-09-21	PLV-863	399	117
3018	maximize cross-platform deliverables	2023-07-26	2023-08-09	GFI-264	386	118
3019	optimize wireless solutions	2020-09-29	2020-10-04	WBC-931	384	129
3020	leverage holistic e-business	2022-11-15	2022-11-16	EDW-069	381	118
3021	matrix virtual initiatives	2023-02-26	2023-03-13	PGD-319	381	110
3022	utilize back-end solutions	2021-04-11	2021-05-02	RNG-242	386	123
3023	re-contextualize dot-com web services	2023-07-20	2023-08-05	ROB-134	399	116
3024	innovate out-of-the-box e-commerce	2022-12-11	2022-12-24	EOP-770	400	132
3025	syndicate virtual e-markets	2022-12-05	2022-12-17	TKF-545	386	115
3026	exploit visionary relationships	2022-08-03	2022-08-23	JDD-884	399	143
3027	seize robust platforms	2022-12-16	2022-12-19	JYJ-626	400	123
3028	iterate ubiquitous relationships	2022-03-28	2022-04-09	OXG-733	386	143
3029	visualize end-to-end models	2020-08-11	2020-08-21	UUZ-848	384	106
3030	extend mission-critical bandwidth	2023-09-21	2023-10-02	RFD-034	381	138
3031	repurpose virtual synergies	2021-06-17	2021-07-06	EFY-168	400	143
3032	facilitate scalable relationships	2023-01-01	2023-01-11	OVJ-595	386	120
3033	benchmark virtual web services	2020-01-06	2020-01-11	VVB-956	399	126
3034	evolve virtual technologies	2021-09-28	2021-10-05	NSE-812	400	104
3035	deploy extensible initiatives	2020-07-23	2020-08-02	SRA-900	400	137
3036	leverage one-to-one initiatives	2021-01-17	2021-01-19	HDW-477	384	130
3037	synthesize B2B niches	2020-09-13	2020-09-22	MSF-088	400	109
3038	enhance virtual e-tailers	2022-02-25	2022-02-26	TYK-421	399	145
3039	leverage proactive eyeballs	2022-03-11	2022-03-13	AJT-830	399	119
3040	synergize seamless technologies	2023-02-07	2023-02-15	EVU-230	399	108
3041	productize cutting-edge web-readiness	2022-05-10	2022-05-17	GMS-543	381	108
3042	productize mission-critical methodologies	2020-10-23	2020-10-27	MYY-477	400	101
3043	orchestrate intuitive markets	2023-02-05	2023-02-19	FIA-304	400	105
3044	leverage viral web-readiness	2022-08-28	2022-09-09	MJZ-906	399	146
3045	transition best-of-breed info-mediaries	2023-04-02	2023-04-06	WBA-566	384	118
3046	maximize end-to-end supply-chains	2022-08-31	2022-09-03	OAL-057	399	118
3047	whiteboard distributed systems	2020-02-18	2020-02-23	QXT-330	384	133
3048	incubate visionary applications	2020-09-18	2020-10-06	VOE-461	399	115
3049	evolve rich users	2022-03-12	2022-03-19	PAC-598	386	115
3050	reinvent world-class deliverables	2023-02-09	2023-03-02	RKP-471	386	140
3051	expedite cross-media solutions	2021-11-22	2021-11-30	YIE-487	381	131
3052	maximize bricks-and-clicks functionalities	2020-04-25	2020-05-08	XFX-366	399	119
3053	drive synergistic niches	2020-04-01	2020-04-14	PJL-295	386	127
3054	integrate user-centric ROI	2020-08-02	2020-08-15	IYF-543	386	108
3055	enable front-end paradigms	2022-05-15	2022-05-21	UGV-444	384	127
3056	enable visionary portals	2022-05-02	2022-05-18	ODQ-842	386	104
3057	whiteboard value-added solutions	2022-05-30	2022-06-20	CIV-626	399	129
3058	facilitate one-to-one channels	2020-05-05	2020-05-13	ZFZ-493	400	105
3059	utilize strategic e-commerce	2023-04-12	2023-04-22	IEU-090	381	129
3060	iterate web-enabled platforms	2023-08-29	2023-09-12	HAG-035	400	134
3061	engineer front-end info-mediaries	2020-06-14	2020-06-15	ECJ-255	400	111
3062	brand magnetic platforms	2021-11-16	2021-12-06	XNW-151	386	107
3063	whiteboard cross-media e-tailers	2022-03-26	2022-04-14	QDJ-545	384	134
3064	exploit virtual metrics	2023-06-21	2023-07-05	DSF-674	384	117
3065	e-enable intuitive initiatives	2022-09-06	2022-09-23	FAQ-739	381	123
3066	morph sticky infrastructures	2021-08-07	2021-08-12	LIV-872	381	105
3067	engineer plug-and-play vortals	2022-12-26	2023-01-16	TNZ-401	399	110
3068	re-contextualize seamless content	2021-11-26	2021-12-02	ZDK-953	384	106
3069	deliver efficient experiences	2023-06-17	2023-07-03	WNK-657	386	113
3070	utilize scalable partnerships	2021-10-18	2021-10-21	AJL-489	400	111
3071	strategize back-end e-services	2022-05-11	2022-05-27	AHA-596	386	104
3072	engage mission-critical deliverables	2022-05-22	2022-05-25	XOB-823	400	128
3073	embrace synergistic paradigms	2021-04-26	2021-05-17	TDF-233	399	102
3074	harness visionary info-mediaries	2020-05-22	2020-05-27	WTE-899	400	127
3075	syndicate out-of-the-box interfaces	2023-05-10	2023-05-26	SHF-592	399	128
3076	optimize mission-critical web services	2023-08-04	2023-08-17	VGX-139	386	102
3077	synergize value-added web services	2020-06-10	2020-06-26	GLI-360	386	106
3078	generate dynamic metrics	2022-04-23	2022-05-03	RTM-961	386	120
3079	leverage plug-and-play action-items	2021-08-15	2021-08-21	IZR-565	400	118
3080	integrate collaborative e-services	2021-06-13	2021-07-04	KVT-259	384	123
3081	brand B2C e-markets	2023-06-29	2023-07-08	XDL-957	400	132
3082	target compelling e-markets	2023-03-22	2023-03-28	UST-733	381	147
3083	seize 24/365 markets	2021-04-22	2021-04-24	BAY-695	384	111
3084	cultivate distributed eyeballs	2021-08-31	2021-09-03	TTR-235	381	121
3085	expedite clicks-and-mortar vortals	2022-04-11	2022-04-14	XUR-893	386	148
3086	aggregate efficient portals	2020-08-12	2020-08-15	THD-080	381	103
3087	repurpose user-centric applications	2023-03-15	2023-03-30	BBV-791	381	148
3088	productize compelling web services	2022-12-19	2022-12-24	LMK-934	399	145
3089	repurpose end-to-end architectures	2020-02-12	2020-03-04	MAE-857	384	145
3090	disintermediate magnetic e-commerce	2020-02-08	2020-02-15	PJI-042	386	108
3091	leverage open-source web services	2020-08-29	2020-09-14	BCH-251	381	104
3092	re-intermediate bleeding-edge niches	2022-04-26	2022-05-02	PBK-262	381	114
3093	re-intermediate out-of-the-box platforms	2020-09-24	2020-10-11	KWR-499	381	108
3094	maximize impactful eyeballs	2021-11-27	2021-12-16	URH-769	386	122
3095	morph holistic e-markets	2023-04-17	2023-04-23	QQB-456	400	117
3096	facilitate one-to-one e-services	2022-05-15	2022-05-30	VRG-046	400	134
3097	deliver frictionless metrics	2023-07-30	2023-08-17	ADP-402	384	128
3098	incubate dynamic mindshare	2021-09-13	2021-09-27	RPG-413	386	128
3099	innovate out-of-the-box metrics	2023-09-20	2023-10-05	AXO-732	381	114
3100	re-contextualize seamless web services	2020-06-12	2020-06-21	HQD-504	399	119
3101	synthesize ubiquitous web-readiness	2022-04-05	2022-04-17	XTC-936	400	136
3102	implement collaborative ROI	2021-04-11	2021-04-13	GHP-008	399	137
3103	deliver innovative eyeballs	2020-01-17	2020-01-31	IEQ-851	386	146
3104	innovate transparent applications	2020-10-18	2020-10-30	DQT-241	386	149
3105	extend sticky platforms	2022-09-10	2022-09-19	NGO-112	384	135
3106	enhance out-of-the-box networks	2020-08-05	2020-08-21	ZET-304	384	149
3107	monetize enterprise web services	2022-06-02	2022-06-03	DGZ-499	381	149
3108	scale leading-edge convergence	2022-08-04	2022-08-18	BPX-400	384	144
3109	incentivize cross-media systems	2020-10-08	2020-10-22	JHL-917	399	148
3110	transition proactive web-readiness	2020-12-03	2020-12-12	LRU-698	399	116
3111	evolve bleeding-edge eyeballs	2022-07-07	2022-07-27	FRM-585	400	138
3112	cultivate real-time web-readiness	2020-08-27	2020-09-08	VJQ-255	386	119
3113	visualize viral architectures	2023-08-21	2023-08-28	YMS-371	399	125
3114	utilize plug-and-play communities	2023-01-12	2023-01-20	TGA-592	386	113
3115	synergize killer deliverables	2021-12-20	2022-01-03	CBU-940	400	113
3116	seize holistic web services	2020-08-04	2020-08-25	IHD-932	381	150
3117	enhance transparent bandwidth	2020-09-25	2020-10-03	XGV-410	400	134
3118	brand killer functionalities	2020-12-04	2020-12-13	HLX-697	384	146
3119	brand seamless e-business	2021-02-14	2021-02-17	RDF-179	384	109
3120	seize mission-critical channels	2022-03-11	2022-03-14	SNK-004	399	113
3121	empower B2B convergence	2020-11-15	2020-11-27	UGE-009	399	144
3122	incubate 24/365 methodologies	2023-05-22	2023-06-11	WKD-464	399	135
3123	repurpose killer markets	2021-10-01	2021-10-18	QXN-629	381	121
3124	target dot-com e-markets	2023-09-09	2023-09-30	ZJP-551	399	102
3125	synergize collaborative e-markets	2022-06-14	2022-06-28	VMZ-218	399	105
3126	productize leading-edge partnerships	2021-08-06	2021-08-21	ZJI-938	381	123
3127	evolve dot-com supply-chains	2022-02-13	2022-02-20	DWL-844	400	106
3128	disintermediate next-generation systems	2022-03-26	2022-03-28	QSW-445	399	121
3129	synthesize cross-platform infrastructures	2021-10-13	2021-10-17	LNN-196	399	134
3130	integrate ubiquitous e-business	2020-02-24	2020-03-16	GFS-191	386	103
3131	re-contextualize innovative channels	2021-11-18	2021-12-08	LRI-384	400	121
3132	utilize integrated platforms	2022-01-28	2022-02-17	ESR-487	400	141
3133	integrate value-added e-commerce	2021-06-10	2021-06-13	VOX-833	386	133
3134	brand bricks-and-clicks channels	2023-08-20	2023-08-31	NMN-997	400	126
3135	utilize killer interfaces	2021-01-12	2021-01-16	USJ-229	384	141
3136	maximize proactive eyeballs	2021-04-19	2021-04-23	CDU-649	381	113
3137	streamline scalable mindshare	2021-12-05	2021-12-10	RTZ-293	386	140
3138	grow cutting-edge info-mediaries	2021-06-19	2021-06-25	XOD-971	386	117
3139	empower back-end e-business	2021-03-20	2021-04-01	OLP-904	381	127
3140	extend cutting-edge deliverables	2022-08-06	2022-08-17	UHM-269	386	136
3141	productize global supply-chains	2021-01-15	2021-01-28	LWS-164	381	111
3142	repurpose dynamic systems	2023-02-21	2023-03-05	PGE-697	384	123
3143	scale distributed networks	2022-04-03	2022-04-15	YGL-583	400	106
3144	engage user-centric channels	2021-02-17	2021-03-06	BFR-743	400	133
3145	evolve virtual architectures	2020-01-24	2020-02-08	QDZ-791	384	129
3146	brand bleeding-edge infrastructures	2021-09-19	2021-10-09	VXO-239	400	140
3147	synthesize frictionless metrics	2020-08-28	2020-09-05	IJB-571	381	132
3148	transform virtual methodologies	2022-02-08	2022-02-19	XXX-387	381	106
3149	redefine impactful paradigms	2022-05-05	2022-05-10	KSD-580	381	143
3150	reinvent 24/7 e-tailers	2023-08-07	2023-08-23	LZP-525	386	141
3151	incubate front-end systems	2022-04-27	2022-04-30	PCH-819	400	124
3152	facilitate 24/7 methodologies	2021-11-07	2021-11-18	UET-801	400	141
3153	harness ubiquitous content	2022-08-23	2022-08-26	EMN-479	399	146
3154	synergize intuitive schemas	2020-10-27	2020-11-14	JKG-169	400	116
3155	architect proactive ROI	2023-01-05	2023-01-15	ZVS-858	400	120
3156	implement collaborative e-commerce	2023-03-24	2023-04-01	AYG-639	386	143
3157	matrix sticky e-tailers	2021-12-24	2021-12-28	UWH-589	381	126
3158	empower web-enabled synergies	2021-05-29	2021-05-31	KBR-339	384	128
3159	facilitate dot-com interfaces	2023-07-31	2023-08-12	LHA-823	386	114
3160	revolutionize synergistic metrics	2023-08-24	2023-09-03	OKD-986	386	108
3161	iterate synergistic solutions	2023-04-08	2023-04-10	YCH-359	386	120
3162	reinvent B2B eyeballs	2023-05-28	2023-06-16	GIE-482	384	124
3163	extend frictionless methodologies	2022-11-11	2022-11-21	OJT-812	399	111
3164	embrace one-to-one methodologies	2020-12-25	2021-01-13	JNO-818	381	105
3165	utilize wireless solutions	2021-02-16	2021-03-03	LRJ-636	400	128
3166	expedite seamless experiences	2021-01-14	2021-01-16	LRU-234	399	137
3167	benchmark open-source models	2022-12-08	2022-12-27	PXQ-807	399	123
3168	productize open-source platforms	2021-10-13	2021-10-22	IPC-778	381	115
3169	matrix interactive e-tailers	2021-09-27	2021-10-12	FCN-708	381	103
3170	engineer one-to-one communities	2023-02-24	2023-03-12	GFA-937	381	120
3171	morph frictionless info-mediaries	2021-09-22	2021-10-07	ZKY-745	381	150
3172	embrace out-of-the-box e-commerce	2021-01-03	2021-01-16	NGZ-578	400	104
3173	maximize distributed metrics	2022-03-12	2022-03-23	QSB-881	400	139
3174	enhance end-to-end relationships	2023-01-04	2023-01-21	XTU-300	400	144
3175	re-contextualize 24/7 users	2022-11-19	2022-12-09	PGV-526	381	140
3176	embrace sticky technologies	2020-03-06	2020-03-22	AOM-009	386	122
3177	aggregate magnetic models	2021-02-19	2021-02-26	ZVI-570	386	149
3178	iterate holistic vortals	2021-09-11	2021-09-19	PWE-407	400	138
3179	disintermediate ubiquitous e-markets	2020-10-24	2020-10-26	PPB-110	384	147
3180	e-enable extensible methodologies	2022-09-19	2022-09-26	MYW-848	400	103
3181	strategize mission-critical experiences	2022-04-30	2022-05-15	BGY-154	399	145
3182	disintermediate 24/7 relationships	2021-06-18	2021-06-29	JYC-461	386	128
3183	seize visionary eyeballs	2022-02-05	2022-02-19	ERE-865	399	141
3184	deploy leading-edge schemas	2020-03-26	2020-04-15	AJB-351	400	125
3185	generate dynamic deliverables	2021-01-25	2021-02-01	DYC-433	381	122
3186	e-enable leading-edge applications	2021-07-21	2021-07-22	BBW-739	386	140
3187	expedite real-time ROI	2022-01-16	2022-01-27	JHI-159	381	113
3188	optimize global users	2020-09-14	2020-09-27	EEG-952	381	109
3189	extend extensible schemas	2021-01-10	2021-01-20	XHY-110	399	108
3190	integrate back-end communities	2021-06-03	2021-06-24	QYP-396	386	124
3191	utilize intuitive users	2020-11-18	2020-12-01	EZX-777	399	147
3192	unleash interactive content	2023-07-04	2023-07-20	PST-434	386	121
3193	brand front-end paradigms	2023-05-10	2023-05-17	TWL-188	384	118
3194	engage vertical users	2021-03-19	2021-03-27	IKH-445	384	116
3195	optimize rich users	2021-01-21	2021-02-11	MPX-792	386	121
3196	e-enable user-centric supply-chains	2021-03-31	2021-04-01	XOQ-954	400	136
3197	expedite impactful methodologies	2020-04-06	2020-04-15	UOH-368	384	118
3198	streamline plug-and-play methodologies	2023-09-28	2023-10-12	EEF-308	400	121
3199	syndicate back-end content	2020-04-09	2020-04-28	YMU-725	384	115
3200	target next-generation infrastructures	2021-04-05	2021-04-17	KNQ-152	400	138
3201	morph dot-com users	2020-03-18	2020-04-04	AHT-706	384	129
3202	generate turn-key methodologies	2021-07-02	2021-07-08	QZF-623	399	132
3203	cultivate open-source technologies	2023-07-11	2023-07-16	RJF-359	400	130
3204	enable open-source models	2021-12-06	2021-12-07	YBV-275	384	104
3205	extend proactive deliverables	2020-02-14	2020-02-15	LXG-363	386	149
3206	integrate B2B infrastructures	2021-04-26	2021-05-10	RHP-264	400	117
3207	envisioneer distributed e-business	2022-11-24	2022-12-02	IVL-604	399	127
3208	engineer B2B ROI	2022-12-14	2022-12-15	RWG-316	386	124
3209	engage magnetic solutions	2020-09-29	2020-10-10	LXF-780	386	148
3210	grow cutting-edge infrastructures	2022-01-28	2022-02-06	XTB-909	400	110
3211	revolutionize back-end functionalities	2023-08-07	2023-08-11	RPN-817	399	110
3212	visualize cross-media models	2020-12-09	2020-12-18	HKK-947	386	138
3213	unleash web-enabled platforms	2020-07-20	2020-07-26	SBW-346	399	149
3214	exploit viral technologies	2021-08-10	2021-08-25	QMO-891	381	141
3215	streamline seamless platforms	2022-12-18	2023-01-07	VHY-129	384	117
3216	mesh efficient e-commerce	2021-04-17	2021-04-19	YOT-294	384	114
3217	optimize clicks-and-mortar ROI	2020-10-03	2020-10-08	ZEH-273	399	122
3218	innovate dynamic eyeballs	2020-07-05	2020-07-22	YDV-528	384	147
3219	engage transparent paradigms	2021-02-27	2021-03-13	FZQ-298	400	118
3220	aggregate clicks-and-mortar relationships	2021-01-24	2021-02-06	CAG-753	384	128
3221	reinvent transparent supply-chains	2022-11-10	2022-11-17	FDW-593	381	104
3222	disintermediate ubiquitous e-commerce	2021-03-07	2021-03-12	BVS-510	400	129
3223	incubate dynamic web services	2020-12-13	2020-12-31	PAL-522	386	109
3224	iterate B2C ROI	2022-10-18	2022-10-22	YAM-173	399	101
3225	envisioneer one-to-one synergies	2020-03-04	2020-03-25	IXL-825	400	108
3226	enhance open-source info-mediaries	2021-02-18	2021-03-05	WOK-294	386	139
3227	architect magnetic communities	2021-03-17	2021-03-30	ZLF-724	386	144
3228	generate robust networks	2023-07-11	2023-07-26	UYB-501	384	132
3229	engineer viral e-markets	2020-07-18	2020-07-24	RDL-413	384	141
3230	enhance compelling ROI	2020-10-07	2020-10-22	ZFO-606	399	138
3231	revolutionize holistic paradigms	2021-11-15	2021-11-26	BYM-098	384	139
3232	streamline collaborative systems	2021-12-07	2021-12-08	RHF-168	400	116
3233	matrix global relationships	2023-09-21	2023-10-03	PTS-509	381	124
3234	visualize seamless methodologies	2022-06-11	2022-06-14	XTW-946	399	148
3235	enable killer interfaces	2020-05-10	2020-05-17	UJO-484	386	128
3236	engineer revolutionary methodologies	2020-07-30	2020-08-08	WIY-988	384	129
3237	enhance robust content	2022-09-01	2022-09-12	RTX-476	399	108
3238	visualize collaborative channels	2021-03-30	2021-04-19	DNJ-410	384	118
3239	drive B2C channels	2020-05-08	2020-05-23	MWE-170	399	129
3240	evolve rich ROI	2021-01-07	2021-01-14	NSA-392	384	113
3241	enhance 24/365 platforms	2023-04-06	2023-04-17	DNH-116	386	125
3242	syndicate value-added mindshare	2020-12-22	2021-01-11	VLN-004	399	133
3243	maximize collaborative interfaces	2020-04-04	2020-04-11	FCO-315	399	104
3244	facilitate front-end mindshare	2021-11-28	2021-12-10	OSW-388	384	139
3245	incubate transparent systems	2023-05-04	2023-05-23	IVT-964	381	102
3246	unleash strategic relationships	2020-02-04	2020-02-16	ILY-856	399	130
3247	transition turn-key e-tailers	2023-03-31	2023-04-16	ECH-020	386	131
3248	drive user-centric info-mediaries	2023-02-12	2023-02-15	GXU-355	386	121
3249	revolutionize end-to-end communities	2022-08-10	2022-08-24	XTH-733	399	120
3250	brand holistic info-mediaries	2020-07-08	2020-07-17	POZ-373	400	149
3251	re-contextualize bricks-and-clicks networks	2023-02-03	2023-02-17	GQN-001	384	110
3252	benchmark best-of-breed web services	2021-10-13	2021-10-29	LVB-300	381	108
3253	enhance leading-edge channels	2023-09-20	2023-10-03	NDR-181	386	118
3254	envisioneer leading-edge action-items	2022-05-17	2022-05-24	SXP-438	400	148
3255	redefine plug-and-play experiences	2020-04-17	2020-04-27	EWM-947	384	135
3256	engage distributed ROI	2020-02-23	2020-02-29	ETO-466	386	124
3257	synergize turn-key deliverables	2023-09-25	2023-10-11	DPH-431	381	105
3258	integrate world-class schemas	2021-04-07	2021-04-27	JQT-769	384	106
3259	deploy compelling communities	2023-02-14	2023-02-16	XKY-282	399	108
3260	extend turn-key models	2020-03-20	2020-04-07	QUI-539	386	115
3261	seize user-centric channels	2021-03-18	2021-04-02	CAL-286	399	136
3262	evolve 24/365 methodologies	2022-06-02	2022-06-11	OYI-458	381	141
3263	expedite plug-and-play e-tailers	2020-09-23	2020-10-14	HKX-749	384	104
3264	embrace killer applications	2022-09-03	2022-09-19	NRJ-904	399	122
3265	engage magnetic action-items	2022-05-18	2022-06-06	XUB-767	400	112
3266	whiteboard clicks-and-mortar e-tailers	2022-10-29	2022-11-08	PMW-699	386	138
3267	drive viral models	2023-03-11	2023-03-28	OOF-651	381	117
3268	aggregate web-enabled infrastructures	2021-01-13	2021-01-29	MQD-285	400	110
3269	repurpose intuitive models	2022-06-19	2022-07-09	WFH-397	386	134
3270	disintermediate proactive interfaces	2022-05-27	2022-05-31	VKY-465	381	133
3271	unleash bleeding-edge bandwidth	2023-09-28	2023-10-06	GRI-496	399	112
3272	leverage clicks-and-mortar schemas	2022-01-29	2022-02-18	BGU-033	400	142
3273	maximize B2C applications	2021-09-03	2021-09-07	IRP-480	399	150
3274	harness extensible architectures	2022-08-20	2022-09-07	KFR-935	386	144
3275	cultivate synergistic interfaces	2020-04-14	2020-04-27	GCN-367	384	122
3276	streamline next-generation technologies	2020-07-24	2020-07-27	RUF-479	381	107
3277	streamline sticky eyeballs	2021-06-28	2021-07-02	LIT-181	400	115
3278	engage next-generation functionalities	2022-12-18	2022-12-27	MIS-732	381	109
3279	leverage turn-key communities	2022-04-06	2022-04-13	NBN-174	381	148
3280	matrix turn-key content	2021-12-22	2022-01-11	SNB-282	386	139
3281	cultivate killer action-items	2022-12-17	2022-12-30	RFC-285	384	148
3282	whiteboard holistic markets	2020-03-20	2020-04-06	HIW-428	386	132
3283	scale transparent methodologies	2022-03-17	2022-03-26	VSO-661	386	105
3284	redefine best-of-breed web-readiness	2021-08-09	2021-08-27	MBG-523	381	110
3285	redefine wireless partnerships	2022-07-30	2022-08-13	PPY-350	386	105
3286	harness out-of-the-box models	2020-01-07	2020-01-12	QVM-160	399	134
3287	cultivate ubiquitous channels	2020-05-23	2020-06-04	OQY-274	400	103
3288	transition magnetic relationships	2020-01-24	2020-01-28	OOM-598	384	133
3289	drive dot-com paradigms	2023-01-08	2023-01-09	TOJ-780	399	126
3290	implement sticky users	2023-05-18	2023-06-02	WYT-079	400	146
3291	revolutionize cutting-edge e-commerce	2022-09-14	2022-09-24	CJX-870	400	111
3292	synergize plug-and-play models	2021-01-08	2021-01-24	IWC-074	386	134
3293	generate global models	2023-05-09	2023-05-17	POO-758	381	128
3294	revolutionize one-to-one models	2020-09-15	2020-10-03	YVZ-391	381	142
3295	transition web-enabled e-tailers	2021-10-13	2021-10-25	GZF-246	381	137
3296	transition next-generation bandwidth	2020-05-01	2020-05-04	UOB-626	384	149
3297	visualize holistic functionalities	2022-01-16	2022-01-23	IJU-639	399	128
3298	repurpose leading-edge platforms	2021-02-20	2021-02-23	GON-771	386	127
3299	reinvent holistic synergies	2023-04-14	2023-04-15	XRG-814	400	124
3300	implement world-class functionalities	2021-02-17	2021-02-18	VLX-422	399	122
3301	redefine bricks-and-clicks schemas	2020-04-08	2020-04-16	HLN-655	399	130
3302	exploit rich ROI	2022-03-26	2022-04-02	KVD-079	386	105
3303	integrate customized metrics	2022-06-27	2022-07-17	NQW-542	400	131
3304	integrate turn-key eyeballs	2021-01-13	2021-01-25	SEF-823	384	117
3305	drive scalable content	2023-09-12	2023-09-18	CJP-087	384	148
3306	repurpose global functionalities	2020-01-08	2020-01-17	TQJ-814	400	144
3307	embrace interactive web-readiness	2023-06-13	2023-06-29	XIL-896	384	118
3308	engineer ubiquitous portals	2020-01-07	2020-01-12	XIS-220	400	137
3309	incentivize magnetic deliverables	2020-12-02	2020-12-19	WTG-809	386	146
3310	leverage synergistic e-commerce	2021-01-11	2021-01-21	TBX-158	384	105
3311	brand distributed communities	2021-11-10	2021-11-15	CHQ-953	386	117
3312	benchmark robust users	2022-12-24	2023-01-07	JRT-552	381	136
3313	brand collaborative architectures	2020-02-17	2020-03-08	ODY-841	399	138
3314	iterate cross-platform functionalities	2020-09-16	2020-10-05	SYF-933	381	140
3315	morph enterprise supply-chains	2022-09-15	2022-09-17	EKO-100	381	120
3316	harness real-time niches	2020-12-02	2020-12-22	EBQ-898	384	117
3317	productize visionary methodologies	2022-02-20	2022-03-06	DTE-964	384	140
3318	incubate best-of-breed applications	2022-11-20	2022-11-27	XYG-027	384	146
3319	deliver proactive platforms	2021-06-15	2021-06-23	KKW-356	386	138
3320	leverage web-enabled action-items	2021-08-30	2021-09-11	WSY-431	399	111
3321	scale viral markets	2020-12-10	2020-12-15	CDD-166	381	146
3322	transition one-to-one solutions	2020-05-16	2020-06-02	YSE-987	384	138
3323	brand end-to-end initiatives	2021-08-14	2021-08-31	ISB-029	399	119
3324	cultivate cross-platform functionalities	2021-06-24	2021-06-27	OKF-228	386	130
3325	seize impactful metrics	2020-10-16	2020-11-05	SCO-015	399	113
3326	enable out-of-the-box infrastructures	2022-07-11	2022-07-14	WMN-205	399	131
3327	maximize global communities	2022-06-16	2022-06-19	MPE-208	386	146
3328	mesh global systems	2021-04-08	2021-04-25	TKM-890	381	149
3329	streamline B2B web-readiness	2021-04-30	2021-05-14	MSW-210	399	114
3330	orchestrate scalable architectures	2021-06-21	2021-06-30	XDL-841	381	129
3331	transition web-enabled web-readiness	2021-08-05	2021-08-22	QXA-333	399	141
3332	grow end-to-end niches	2022-06-18	2022-06-25	IQT-443	384	112
3333	drive front-end methodologies	2022-02-19	2022-03-10	BEK-905	399	107
3334	deliver next-generation applications	2022-04-20	2022-05-03	PAZ-441	400	111
3335	whiteboard user-centric channels	2023-09-23	2023-10-13	EDI-287	400	119
3336	cultivate holistic relationships	2020-05-13	2020-06-03	DSP-468	386	124
3337	monetize compelling web-readiness	2023-06-29	2023-07-01	DBN-916	400	148
3338	utilize global web services	2021-02-13	2021-02-26	NVA-788	400	116
3339	embrace B2B e-business	2023-02-12	2023-02-27	ZQW-397	386	116
3340	re-intermediate wireless channels	2020-12-08	2020-12-11	VNY-464	381	114
3341	incubate out-of-the-box relationships	2020-01-01	2020-01-21	ZIX-848	386	120
3342	evolve compelling portals	2020-08-17	2020-09-01	AMM-330	384	120
3343	facilitate customized deliverables	2023-09-04	2023-09-18	GRC-911	381	118
3344	engage intuitive applications	2023-04-03	2023-04-05	NKG-949	399	137
3345	cultivate impactful methodologies	2021-12-22	2022-01-12	CVE-801	400	137
3346	deliver one-to-one bandwidth	2022-06-15	2022-06-19	QIQ-388	399	129
3347	incubate open-source paradigms	2020-07-14	2020-07-28	SJW-840	386	133
3348	unleash bricks-and-clicks schemas	2021-06-13	2021-06-26	EPE-101	381	105
3349	leverage one-to-one architectures	2021-03-09	2021-03-12	VFR-152	381	130
3350	facilitate B2B networks	2023-02-24	2023-03-15	PZY-752	386	138
3351	e-enable frictionless interfaces	2022-04-22	2022-05-13	GRB-600	386	132
3352	redefine magnetic info-mediaries	2022-05-13	2022-05-29	LNB-781	400	112
3353	e-enable compelling applications	2021-07-18	2021-07-23	TAO-103	384	111
3354	seize efficient action-items	2023-04-05	2023-04-11	PFF-619	386	141
3355	seize killer markets	2020-02-04	2020-02-12	WGA-240	384	133
3356	expedite strategic infrastructures	2022-04-06	2022-04-25	WII-640	381	112
3357	revolutionize value-added web-readiness	2022-07-30	2022-08-07	CWS-034	381	139
3358	unleash bleeding-edge platforms	2023-04-28	2023-05-17	ZVT-744	381	114
3359	strategize integrated bandwidth	2023-06-09	2023-06-16	DYB-638	399	132
3360	exploit killer info-mediaries	2022-03-23	2022-04-04	OWD-844	386	137
3361	integrate cross-platform supply-chains	2021-10-19	2021-11-07	FST-304	400	128
3362	architect B2C partnerships	2022-06-05	2022-06-06	SCH-439	381	131
3363	leverage integrated architectures	2021-11-11	2021-11-27	TMG-226	381	133
3364	deliver front-end networks	2020-01-30	2020-02-12	LLS-937	400	124
3365	integrate enterprise architectures	2020-10-14	2020-10-20	JFB-502	400	126
3366	whiteboard 24/365 e-tailers	2020-07-16	2020-08-03	MJD-072	386	118
3367	extend proactive web-readiness	2023-04-26	2023-05-02	PTJ-219	386	120
3368	seize integrated content	2022-05-15	2022-06-04	YUR-559	386	126
3369	disintermediate virtual initiatives	2020-02-07	2020-02-15	ZCA-217	384	109
3370	disintermediate bricks-and-clicks supply-chains	2022-08-02	2022-08-05	FUQ-883	381	132
3371	enhance web-enabled e-tailers	2020-07-13	2020-07-18	BCH-703	386	103
3372	incubate distributed ROI	2022-04-10	2022-04-26	KLD-789	386	129
3373	reinvent magnetic models	2020-03-15	2020-03-20	FLM-441	400	109
3374	deploy synergistic supply-chains	2020-07-19	2020-07-22	LCX-515	400	125
3375	architect real-time e-commerce	2020-08-28	2020-09-09	UEM-120	400	101
3376	evolve strategic functionalities	2021-01-25	2021-02-11	MSN-051	386	125
3377	transition scalable e-markets	2020-02-14	2020-02-20	HFG-059	399	129
3378	utilize rich partnerships	2022-01-30	2022-02-14	DZW-485	386	119
3379	integrate cross-media ROI	2022-09-02	2022-09-07	YZU-071	384	127
3380	incubate bricks-and-clicks models	2022-05-13	2022-05-25	RFZ-512	399	129
3381	engineer plug-and-play bandwidth	2020-06-23	2020-06-30	JTH-548	400	150
3382	maximize transparent niches	2021-01-29	2021-02-10	UCO-171	381	137
3383	streamline enterprise vortals	2022-02-03	2022-02-15	PCC-036	400	144
3384	scale distributed markets	2021-08-05	2021-08-16	HYO-779	400	118
3385	implement vertical markets	2023-02-28	2023-03-18	DDU-128	381	147
3386	expedite e-business ROI	2020-08-13	2020-08-27	PNP-681	399	131
3387	generate viral niches	2023-01-13	2023-01-16	LWX-851	400	101
3388	syndicate turn-key interfaces	2022-07-23	2022-07-31	DDE-573	384	124
3389	drive one-to-one partnerships	2021-09-05	2021-09-15	HOX-427	400	147
3390	engage ubiquitous initiatives	2020-03-30	2020-03-31	ELC-442	399	115
3391	cultivate bleeding-edge info-mediaries	2023-06-26	2023-07-10	UDW-508	399	122
3392	benchmark front-end channels	2023-02-18	2023-03-07	TZQ-224	384	114
3393	deliver open-source solutions	2022-10-13	2022-10-29	NSO-376	381	149
3394	repurpose open-source portals	2020-07-02	2020-07-03	LAH-340	399	106
3395	incentivize revolutionary convergence	2020-09-22	2020-10-05	AHP-786	386	107
3396	incubate intuitive markets	2020-11-12	2020-11-13	VFH-827	400	114
3397	engage revolutionary communities	2022-05-15	2022-05-29	PHJ-990	384	105
3398	re-intermediate back-end portals	2020-07-28	2020-08-01	YMY-242	399	114
3399	envisioneer plug-and-play relationships	2021-08-28	2021-09-01	OFA-310	400	130
3400	enable wireless relationships	2022-12-07	2022-12-11	QBO-639	399	134
3401	reinvent value-added info-mediaries	2021-06-03	2021-06-23	TBV-172	381	128
3402	iterate B2C web-readiness	2020-01-11	2020-01-31	UEP-028	384	119
3403	e-enable real-time relationships	2021-11-03	2021-11-24	SYI-902	400	146
3404	drive frictionless paradigms	2022-01-15	2022-02-04	OBN-733	386	142
3405	synthesize B2B synergies	2021-01-22	2021-02-07	OBO-093	381	148
3406	envisioneer global partnerships	2022-08-14	2022-08-25	IHH-012	400	141
3407	disintermediate 24/365 metrics	2022-08-30	2022-09-12	AYC-540	384	131
3408	aggregate integrated portals	2022-11-15	2022-12-05	AZJ-084	400	145
3409	incentivize clicks-and-mortar niches	2022-05-25	2022-06-14	XED-764	384	143
3410	brand end-to-end solutions	2022-07-23	2022-07-26	IVD-157	386	123
3411	benchmark plug-and-play solutions	2023-04-13	2023-04-23	FAF-584	381	149
3412	iterate granular markets	2020-11-24	2020-12-08	SFQ-879	381	122
3413	visualize cross-media models	2023-09-05	2023-09-12	DJG-275	384	105
3414	brand distributed niches	2020-07-16	2020-07-24	NNZ-699	384	116
3415	maximize clicks-and-mortar niches	2021-11-07	2021-11-09	XVD-349	386	132
3416	architect rich e-commerce	2022-01-23	2022-02-13	HYV-680	384	131
3417	deploy proactive technologies	2020-01-26	2020-02-15	HFT-211	386	121
3418	repurpose bleeding-edge markets	2021-08-08	2021-08-11	PJW-912	399	124
3419	seize 24/7 synergies	2023-05-20	2023-06-09	XME-345	400	107
3420	synthesize impactful users	2022-11-28	2022-12-18	IZG-521	384	147
3421	enhance holistic e-business	2022-01-08	2022-01-23	JRK-194	381	123
3422	syndicate global web-readiness	2023-08-18	2023-09-08	VPJ-624	400	108
3423	expedite 24/7 technologies	2020-05-14	2020-05-30	OVU-447	400	116
3424	engage magnetic infrastructures	2022-05-18	2022-05-21	QXW-046	400	108
3425	synthesize viral experiences	2023-06-20	2023-07-02	AWO-229	386	108
3426	embrace turn-key niches	2020-03-14	2020-04-04	XQP-624	381	149
3427	maximize plug-and-play e-tailers	2023-04-07	2023-04-17	DHD-949	399	106
3428	embrace bleeding-edge supply-chains	2023-09-08	2023-09-15	TQB-295	381	131
3429	integrate B2C mindshare	2021-03-27	2021-04-11	QAM-426	381	109
3430	e-enable magnetic web-readiness	2022-08-13	2022-08-15	RPW-173	386	138
3431	harness proactive schemas	2022-07-31	2022-08-09	ELP-626	400	124
3432	expedite scalable metrics	2022-12-25	2023-01-15	SAS-701	400	115
3433	productize revolutionary deliverables	2021-05-24	2021-06-06	DRF-681	386	135
3434	brand B2C web services	2020-12-26	2021-01-16	UVT-192	381	110
3435	leverage vertical technologies	2022-06-13	2022-06-26	WNL-357	400	143
3436	incubate 24/365 action-items	2023-04-08	2023-04-22	BRR-178	381	132
3437	envisioneer front-end e-commerce	2023-01-16	2023-01-29	BFR-653	399	125
3438	disintermediate leading-edge paradigms	2020-04-04	2020-04-07	KQE-055	384	119
3439	synergize holistic e-business	2020-01-02	2020-01-08	PXU-469	386	102
3440	synthesize scalable content	2020-09-20	2020-09-30	ZZJ-399	400	105
3441	synthesize front-end markets	2023-08-27	2023-09-02	INJ-140	384	149
3442	extend one-to-one paradigms	2022-12-11	2022-12-19	UGY-441	399	136
3443	target transparent deliverables	2020-04-30	2020-05-18	ERP-282	384	141
3444	revolutionize strategic web services	2021-03-02	2021-03-06	SQN-987	381	113
3445	unleash wireless channels	2023-08-10	2023-08-13	EJE-215	386	134
3446	transform extensible schemas	2021-05-01	2021-05-02	SJB-891	381	140
3447	enhance compelling partnerships	2020-11-11	2020-11-21	RHN-209	381	117
3448	scale holistic models	2021-01-15	2021-02-05	BOI-370	381	120
3449	monetize strategic synergies	2020-02-22	2020-03-08	HOG-307	381	121
3450	whiteboard frictionless communities	2020-07-03	2020-07-14	YPO-717	400	143
3451	incubate back-end e-markets	2020-03-16	2020-03-27	OMK-981	381	106
3452	synthesize integrated technologies	2021-08-19	2021-08-31	JNR-973	381	136
3453	facilitate granular bandwidth	2021-01-18	2021-01-20	AOX-970	400	122
3454	cultivate cross-media channels	2021-05-31	2021-06-11	UUS-584	386	104
3455	brand magnetic deliverables	2020-12-22	2020-12-28	GQI-351	400	148
3456	incentivize B2B e-markets	2020-12-14	2020-12-19	BLB-748	399	111
3457	monetize frictionless e-services	2022-03-16	2022-03-20	DDD-254	384	115
3458	synthesize open-source schemas	2021-10-14	2021-10-28	JIL-447	381	109
3459	visualize mission-critical synergies	2022-09-18	2022-09-27	BBL-820	399	106
3460	extend cross-platform e-markets	2022-08-11	2022-08-23	STL-109	400	138
3461	architect robust metrics	2023-02-01	2023-02-08	DDQ-771	400	125
3462	integrate customized metrics	2021-01-22	2021-02-12	MLU-768	399	102
3463	leverage cutting-edge communities	2020-06-28	2020-06-30	VPD-635	400	139
3464	expedite user-centric channels	2023-04-01	2023-04-05	FWY-580	384	135
3465	envisioneer web-enabled functionalities	2022-04-05	2022-04-11	GHL-474	384	145
3466	benchmark front-end e-business	2022-01-17	2022-01-30	LAO-232	381	110
3467	enable leading-edge e-services	2020-06-13	2020-06-23	DAI-062	400	109
3468	incentivize synergistic systems	2020-08-30	2020-09-08	HTO-961	400	101
3469	scale 24/7 web services	2020-02-29	2020-03-03	ETT-816	399	140
3470	scale user-centric models	2020-05-15	2020-05-30	GJR-275	386	146
3471	aggregate out-of-the-box supply-chains	2022-12-25	2023-01-13	EMN-321	381	143
3472	re-intermediate virtual ROI	2021-02-28	2021-03-17	EJS-056	381	119
3473	engage interactive functionalities	2023-04-02	2023-04-06	JVY-263	386	108
3474	orchestrate B2C architectures	2020-03-29	2020-04-14	UMM-935	386	131
3475	grow innovative initiatives	2022-12-11	2022-12-19	AEX-518	381	132
3476	evolve one-to-one vortals	2020-02-12	2020-02-16	EIY-370	384	129
3477	unleash integrated portals	2023-06-09	2023-06-28	RDQ-860	381	146
3478	repurpose innovative portals	2022-09-13	2022-10-02	KOG-552	400	108
3479	leverage customized architectures	2022-06-28	2022-07-09	SAC-384	399	142
3480	streamline ubiquitous ROI	2022-03-09	2022-03-28	NDP-973	384	145
3481	monetize ubiquitous systems	2022-07-30	2022-08-18	KFN-203	399	129
3482	facilitate revolutionary communities	2022-06-01	2022-06-17	FVM-714	381	130
3483	streamline web-enabled relationships	2023-08-29	2023-09-19	ONL-866	399	125
3484	target real-time synergies	2022-04-17	2022-05-05	VVQ-428	384	103
3485	deliver next-generation eyeballs	2020-11-12	2020-11-24	KHA-186	399	111
3486	e-enable vertical niches	2022-09-11	2022-09-15	TFU-866	381	128
3487	embrace front-end synergies	2021-02-10	2021-02-26	RLK-258	381	139
3488	enhance enterprise functionalities	2021-11-18	2021-11-20	BSG-773	400	107
3489	reinvent e-business infrastructures	2022-06-24	2022-06-28	RKF-346	386	125
3490	reinvent cross-media e-tailers	2022-03-21	2022-04-07	EGV-929	381	145
3491	orchestrate bleeding-edge metrics	2022-04-02	2022-04-19	QHD-394	400	129
3492	e-enable holistic experiences	2023-05-06	2023-05-11	LJV-143	400	117
3493	streamline impactful convergence	2020-07-14	2020-08-02	MXQ-194	384	146
3494	enhance customized functionalities	2022-06-25	2022-07-03	LPC-809	384	147
3495	incentivize proactive methodologies	2021-11-22	2021-11-24	SKC-102	381	129
3496	brand clicks-and-mortar e-markets	2023-01-09	2023-01-16	ONY-574	384	112
3497	incentivize open-source markets	2022-04-21	2022-04-28	CUV-422	384	124
3498	enable strategic channels	2021-02-15	2021-02-22	TSQ-473	399	147
3499	harness efficient web-readiness	2021-10-03	2021-10-09	LSW-790	399	101
3500	incentivize bricks-and-clicks ROI	2023-05-14	2023-05-26	MVU-980	386	137
3501	leverage collaborative metrics	2022-11-13	2022-11-23	QOX-842	386	137
3502	facilitate strategic ROI	2020-08-08	2020-08-12	KUU-622	381	131
3503	envisioneer dot-com schemas	2020-06-06	2020-06-22	OGG-999	400	107
3504	visualize collaborative web-readiness	2021-10-14	2021-10-22	MWH-868	381	127
3505	disintermediate e-business partnerships	2021-05-14	2021-05-22	YUA-738	399	105
3506	revolutionize customized communities	2023-03-06	2023-03-27	MNU-525	386	120
3507	cultivate revolutionary initiatives	2021-08-30	2021-09-08	LXY-191	400	116
3508	seize bleeding-edge content	2022-05-11	2022-06-01	KHF-381	400	138
3509	reinvent enterprise relationships	2021-07-03	2021-07-19	RYU-869	400	128
3510	re-contextualize real-time systems	2021-04-27	2021-05-04	THR-995	399	144
3511	extend sticky relationships	2021-01-16	2021-02-01	BOW-529	386	124
3512	synergize virtual communities	2021-07-06	2021-07-08	TDN-130	386	125
3513	re-intermediate 24/7 metrics	2021-04-18	2021-04-19	HCR-344	399	127
3514	mesh granular partnerships	2020-12-23	2021-01-06	CCX-176	384	143
3515	strategize bricks-and-clicks deliverables	2020-02-23	2020-02-26	NCA-062	400	134
3516	cultivate integrated e-tailers	2022-10-23	2022-11-09	ZRD-311	384	127
3517	embrace compelling networks	2020-07-22	2020-07-26	FUJ-119	399	124
3518	cultivate plug-and-play experiences	2022-09-09	2022-09-23	ZGO-192	400	115
3519	syndicate robust networks	2020-12-28	2021-01-17	LQS-022	386	113
3520	re-contextualize next-generation e-business	2020-12-21	2020-12-23	IRG-922	386	133
3521	target B2C infrastructures	2023-06-01	2023-06-13	CCT-448	384	125
3522	synergize impactful schemas	2021-08-12	2021-08-21	IES-637	400	121
3523	target dynamic networks	2022-10-04	2022-10-14	MBN-800	381	133
3524	maximize visionary interfaces	2022-11-30	2022-12-13	GFD-245	384	146
3525	maximize mission-critical functionalities	2020-06-10	2020-06-24	YTX-805	400	104
3526	transform visionary niches	2023-08-28	2023-09-04	REI-833	386	112
3527	brand front-end networks	2022-08-30	2022-09-02	SDC-039	381	114
3528	aggregate strategic web services	2021-10-11	2021-10-22	NNX-711	381	123
3529	implement cutting-edge markets	2022-06-21	2022-06-22	SAA-298	386	148
3530	engineer cutting-edge e-commerce	2020-10-13	2020-11-03	PDX-032	386	123
3531	disintermediate dot-com experiences	2022-06-09	2022-06-19	TCF-843	400	145
3532	deliver granular action-items	2020-11-20	2020-11-26	GFT-238	399	116
3533	strategize plug-and-play networks	2020-04-24	2020-05-02	WUQ-370	384	117
3534	re-intermediate global niches	2023-04-10	2023-04-23	JEG-916	384	117
3535	integrate collaborative architectures	2020-12-18	2021-01-01	ENN-008	381	137
3536	revolutionize seamless functionalities	2023-02-10	2023-02-16	RJR-349	381	101
3537	exploit frictionless schemas	2023-07-12	2023-07-16	SQR-851	386	136
3538	drive compelling solutions	2020-01-13	2020-01-18	ACN-527	381	115
3539	optimize rich initiatives	2021-09-20	2021-09-23	LDV-419	386	137
3540	integrate one-to-one deliverables	2021-01-06	2021-01-22	KFV-822	400	129
3541	revolutionize bricks-and-clicks channels	2020-10-24	2020-11-02	YSE-851	384	107
3542	utilize dynamic infrastructures	2022-12-01	2022-12-03	XTJ-966	381	144
3543	re-contextualize real-time e-business	2022-01-20	2022-01-21	DTZ-318	384	123
3544	empower enterprise users	2020-07-22	2020-08-09	PJX-486	386	148
3545	reinvent customized initiatives	2021-11-24	2021-12-12	CMK-583	381	138
3546	iterate enterprise content	2022-05-02	2022-05-11	UPR-805	381	110
3547	integrate enterprise action-items	2020-06-27	2020-07-08	ITN-076	381	146
3548	e-enable enterprise e-business	2021-11-07	2021-11-23	KBO-552	386	143
3549	strategize intuitive e-commerce	2023-02-03	2023-02-23	SFT-723	399	128
3550	envisioneer distributed eyeballs	2022-04-22	2022-04-27	BYP-955	400	124
3551	implement transparent deliverables	2020-09-14	2020-09-24	DCN-588	386	141
3552	monetize synergistic deliverables	2022-04-26	2022-05-02	XJJ-740	381	135
3553	enable interactive synergies	2020-03-19	2020-03-23	SZP-363	381	111
3554	facilitate clicks-and-mortar e-markets	2021-07-22	2021-08-12	ADP-344	399	126
3555	iterate B2C methodologies	2023-02-09	2023-02-17	XUS-620	386	147
3556	implement sticky content	2020-06-07	2020-06-15	QTJ-158	386	120
3557	facilitate extensible solutions	2020-05-31	2020-06-16	QUZ-372	399	114
3558	streamline killer content	2021-02-05	2021-02-17	TKE-547	400	123
3559	re-contextualize B2C markets	2020-08-12	2020-09-02	ALU-079	386	120
3560	iterate transparent relationships	2022-12-16	2022-12-17	HQO-252	399	120
3561	re-contextualize B2B partnerships	2022-12-27	2023-01-06	RDQ-565	386	106
3562	leverage viral initiatives	2022-09-10	2022-09-19	UQT-199	399	127
3563	architect interactive partnerships	2022-11-07	2022-11-24	RAN-527	386	138
3564	leverage robust communities	2020-11-15	2020-11-22	TRD-624	399	132
3565	evolve killer e-commerce	2022-10-08	2022-10-20	BIJ-084	399	125
3566	deploy bleeding-edge markets	2022-11-27	2022-11-28	BEG-665	384	130
3567	target scalable e-tailers	2020-10-03	2020-10-04	XNP-481	399	112
3568	transform seamless info-mediaries	2020-12-30	2021-01-06	RJD-306	381	129
3569	enable customized networks	2020-04-19	2020-04-24	MIN-226	400	121
3570	re-intermediate virtual action-items	2021-12-12	2021-12-26	ZRM-690	384	114
3571	syndicate frictionless systems	2021-03-05	2021-03-20	YDN-393	386	147
3572	utilize front-end content	2020-06-11	2020-06-16	QXE-675	386	116
3573	leverage distributed communities	2021-07-11	2021-07-26	MNP-950	400	104
3574	enhance vertical metrics	2021-04-02	2021-04-11	JRT-964	381	142
3575	strategize bleeding-edge mindshare	2021-02-28	2021-03-04	NOF-219	399	149
3576	aggregate enterprise platforms	2022-04-24	2022-05-02	NVW-310	400	107
3577	drive virtual supply-chains	2023-07-29	2023-08-15	QHC-166	384	126
3578	redefine next-generation paradigms	2023-03-10	2023-03-29	HBI-776	400	111
3579	iterate efficient networks	2022-10-25	2022-11-15	UTL-296	386	145
3580	maximize cross-platform channels	2020-07-30	2020-08-07	DML-495	386	139
3581	engineer compelling paradigms	2021-03-23	2021-04-06	GWE-851	384	135
3582	whiteboard open-source platforms	2021-08-15	2021-09-05	QUP-255	386	150
3583	enhance virtual deliverables	2020-06-26	2020-06-27	WZS-339	399	102
3584	revolutionize back-end experiences	2023-05-19	2023-05-30	OKO-288	384	116
3585	engage impactful infrastructures	2020-01-01	2020-01-07	PCG-175	400	107
3586	matrix bricks-and-clicks portals	2021-08-18	2021-09-05	GOV-773	381	113
3587	empower 24/365 synergies	2023-03-06	2023-03-08	VPA-634	381	115
3588	unleash user-centric e-tailers	2022-04-08	2022-04-09	EDG-108	381	141
3589	transition global markets	2020-11-14	2020-11-30	ZDA-248	386	114
3590	e-enable cross-media portals	2022-04-01	2022-04-22	WXG-765	386	132
3591	facilitate wireless niches	2020-02-28	2020-03-13	TVX-875	381	109
3592	embrace wireless partnerships	2022-03-14	2022-04-03	FVS-612	399	108
3593	redefine compelling architectures	2020-08-05	2020-08-11	BAS-924	400	124
3594	seize distributed info-mediaries	2020-09-17	2020-09-30	KMV-707	400	149
3595	engage rich action-items	2021-01-20	2021-01-24	OWN-537	386	114
3596	re-contextualize next-generation technologies	2021-11-07	2021-11-19	XPZ-698	399	116
3597	reinvent plug-and-play functionalities	2021-12-01	2021-12-10	LVW-016	400	104
3598	exploit B2C relationships	2020-05-13	2020-05-20	IJF-855	381	106
3599	architect intuitive vortals	2020-07-28	2020-08-09	NXV-274	399	110
3600	e-enable global web-readiness	2022-12-29	2023-01-11	DMM-066	400	103
3601	cultivate 24/7 portals	2020-03-03	2020-03-21	WIO-942	400	101
3602	engage robust action-items	2023-09-05	2023-09-11	CXI-427	400	107
3603	envisioneer B2B models	2020-04-08	2020-04-25	YBN-626	386	129
3604	unleash viral supply-chains	2023-09-22	2023-10-01	LWL-707	384	139
3605	drive one-to-one bandwidth	2020-05-22	2020-05-28	SPP-294	399	148
3606	monetize ubiquitous web services	2022-07-17	2022-07-31	NEI-063	384	128
3607	innovate killer ROI	2021-11-16	2021-11-30	PTJ-795	399	119
3608	unleash web-enabled networks	2022-03-14	2022-03-21	ISB-958	384	108
3609	maximize out-of-the-box supply-chains	2021-05-10	2021-05-29	QJM-754	400	131
3610	brand enterprise bandwidth	2020-11-22	2020-12-09	GWY-249	384	141
3611	utilize mission-critical models	2020-08-02	2020-08-13	PLH-898	386	116
3612	strategize cross-platform mindshare	2023-04-15	2023-04-27	PCO-142	381	111
3613	deliver sticky experiences	2020-10-14	2020-11-01	FUG-262	386	148
3614	deliver 24/7 interfaces	2023-01-24	2023-01-25	ICV-853	399	144
3615	mesh robust eyeballs	2023-06-30	2023-07-12	FSI-495	400	132
3616	disintermediate viral e-commerce	2022-07-11	2022-07-28	EBB-502	384	107
3617	embrace clicks-and-mortar communities	2023-01-18	2023-02-01	QMY-026	381	137
3618	re-intermediate front-end communities	2020-11-13	2020-11-19	CCL-387	400	107
3619	deploy collaborative paradigms	2022-12-26	2022-12-27	FRZ-598	386	150
3620	morph revolutionary applications	2021-01-03	2021-01-11	QWE-986	384	129
3621	productize visionary channels	2023-06-22	2023-07-13	BYL-491	381	145
3622	implement collaborative communities	2021-07-06	2021-07-18	OIO-332	381	131
3623	productize virtual synergies	2023-05-07	2023-05-11	MJX-940	386	133
3624	architect mission-critical methodologies	2020-08-31	2020-09-18	RMC-309	381	132
3625	grow plug-and-play e-markets	2022-06-09	2022-06-29	OEJ-177	381	126
3626	monetize B2B users	2021-08-14	2021-09-04	WIP-455	386	116
3627	strategize extensible communities	2023-05-08	2023-05-24	RMB-793	386	141
3628	synthesize granular e-markets	2021-08-29	2021-09-18	TTQ-183	399	143
3629	optimize magnetic convergence	2022-09-14	2022-09-29	IIH-542	399	124
3630	engage 24/7 models	2020-08-03	2020-08-21	QMP-985	400	128
3631	utilize value-added infrastructures	2023-01-21	2023-01-27	QPB-588	400	147
3632	iterate plug-and-play models	2022-05-14	2022-05-22	MLO-539	386	106
3633	unleash proactive platforms	2022-12-26	2022-12-29	MAV-036	381	141
3634	benchmark impactful info-mediaries	2023-09-28	2023-10-01	WDI-193	384	110
3635	brand virtual bandwidth	2020-06-01	2020-06-12	AFJ-770	386	133
3636	transform revolutionary solutions	2023-08-22	2023-09-05	ZEK-272	386	118
3637	scale 24/7 functionalities	2022-12-21	2022-12-30	KJD-491	384	144
3638	utilize user-centric ROI	2021-10-05	2021-10-26	AMQ-936	384	108
3639	extend virtual bandwidth	2022-12-03	2022-12-16	TNI-337	399	101
3640	e-enable synergistic niches	2021-08-25	2021-09-14	NJN-557	400	121
3641	architect efficient supply-chains	2022-11-16	2022-11-20	ETS-550	399	141
3642	empower extensible users	2023-03-08	2023-03-18	HYK-372	400	109
3643	innovate extensible solutions	2020-01-17	2020-01-22	WMB-426	386	127
3644	re-contextualize plug-and-play functionalities	2022-12-26	2023-01-16	XOM-324	381	120
3645	transform robust communities	2020-09-16	2020-09-28	TPD-840	386	105
3646	redefine compelling models	2021-03-22	2021-03-24	BCS-331	381	115
3647	deliver intuitive paradigms	2021-06-17	2021-07-02	MMY-175	400	129
3648	unleash end-to-end communities	2022-06-01	2022-06-15	XQD-471	386	133
3649	enable viral deliverables	2023-05-25	2023-06-04	JEP-472	381	119
3650	optimize killer channels	2023-09-05	2023-09-21	GOK-430	399	140
3651	architect back-end solutions	2020-03-05	2020-03-19	RSH-174	381	102
3652	enable robust web-readiness	2021-11-29	2021-12-07	ISC-763	399	107
3653	integrate real-time synergies	2022-01-15	2022-01-22	ZAX-418	399	124
3654	brand rich synergies	2022-10-27	2022-10-30	DNN-691	399	149
3655	redefine integrated mindshare	2020-11-02	2020-11-16	MCP-216	381	122
3656	disintermediate proactive networks	2022-08-13	2022-08-23	INP-196	386	136
3657	harness wireless info-mediaries	2022-04-30	2022-05-18	UGF-003	399	142
3658	revolutionize magnetic niches	2022-11-17	2022-12-07	QDC-547	381	118
3659	generate value-added technologies	2020-10-11	2020-11-01	JIU-225	381	101
3660	drive cross-media e-tailers	2023-07-02	2023-07-04	NCZ-482	400	133
3661	unleash open-source applications	2023-06-01	2023-06-02	XRZ-037	386	149
3662	syndicate bleeding-edge vortals	2021-08-19	2021-08-29	CXH-740	384	127
3663	whiteboard enterprise mindshare	2020-10-27	2020-11-16	BMI-033	386	119
3664	re-contextualize interactive partnerships	2021-02-03	2021-02-06	QRZ-248	400	108
3665	repurpose user-centric architectures	2023-07-31	2023-08-18	OAJ-781	386	114
3666	aggregate magnetic channels	2021-07-23	2021-07-31	RYL-997	384	114
3667	brand front-end infrastructures	2021-02-04	2021-02-14	OWO-826	381	144
3668	integrate transparent markets	2021-12-11	2021-12-27	WKH-822	400	143
3669	productize best-of-breed functionalities	2020-11-15	2020-11-18	OYA-046	381	103
3670	re-contextualize front-end metrics	2021-03-27	2021-04-05	TGO-061	384	102
3671	visualize out-of-the-box networks	2022-08-23	2022-09-07	PKO-342	386	117
3672	architect granular applications	2022-08-05	2022-08-20	PGI-745	386	118
3673	synthesize global initiatives	2020-09-11	2020-09-16	OLN-273	381	146
3674	mesh bleeding-edge e-tailers	2021-08-23	2021-09-02	HYX-626	400	121
3675	envisioneer dynamic metrics	2022-10-09	2022-10-22	AFN-944	399	146
3676	extend clicks-and-mortar metrics	2021-02-21	2021-03-06	QTE-877	400	106
3677	exploit dynamic web services	2023-03-08	2023-03-22	XZY-426	381	135
3678	utilize 24/7 models	2023-07-15	2023-07-28	IDM-454	400	143
3679	integrate clicks-and-mortar portals	2022-06-14	2022-06-24	DPT-282	386	127
3680	transform value-added e-commerce	2021-01-06	2021-01-11	XAU-073	381	108
3681	re-contextualize rich schemas	2022-12-14	2022-12-21	HEY-606	400	141
3682	mesh holistic e-commerce	2022-10-17	2022-10-21	JZZ-616	400	101
3683	disintermediate bleeding-edge paradigms	2022-10-08	2022-10-09	YBH-426	400	146
3684	re-contextualize holistic portals	2021-05-10	2021-05-23	HGA-039	400	135
3685	repurpose e-business experiences	2021-09-13	2021-09-29	WXM-563	384	150
3686	visualize mission-critical schemas	2022-04-03	2022-04-24	GYS-933	384	135
3687	maximize bleeding-edge architectures	2020-05-26	2020-06-15	LLX-476	386	124
3688	reinvent leading-edge deliverables	2021-04-06	2021-04-23	CLI-907	384	123
3689	redefine ubiquitous supply-chains	2020-11-24	2020-12-08	QZG-850	381	106
3690	mesh integrated interfaces	2022-08-03	2022-08-14	SEZ-378	400	111
3691	disintermediate visionary methodologies	2023-05-12	2023-05-18	TNR-656	381	108
3692	synergize B2B mindshare	2021-05-28	2021-06-11	MYX-896	386	125
3693	iterate scalable niches	2022-08-14	2022-08-28	UHR-881	386	111
3694	disintermediate intuitive synergies	2021-10-23	2021-10-27	KZE-773	400	147
3695	target turn-key portals	2023-07-07	2023-07-28	QSV-797	399	138
3696	visualize strategic technologies	2022-10-03	2022-10-16	PZF-673	384	122
3697	morph B2C users	2022-04-27	2022-05-13	LBX-713	381	117
3698	transform efficient architectures	2022-06-28	2022-07-08	RER-609	399	109
3699	maximize compelling functionalities	2021-12-29	2022-01-19	TEM-513	381	149
3700	streamline next-generation markets	2022-10-18	2022-11-05	GFU-221	384	106
3701	synthesize integrated web-readiness	2020-11-01	2020-11-14	YGU-035	400	105
3702	embrace front-end supply-chains	2020-01-31	2020-02-20	YYZ-762	399	137
3703	empower dynamic deliverables	2021-11-22	2021-11-28	BKG-347	381	147
3704	target cutting-edge applications	2021-03-22	2021-04-12	XGP-724	381	140
3705	repurpose one-to-one action-items	2021-12-19	2022-01-06	CXJ-317	399	122
3706	reinvent robust paradigms	2022-01-26	2022-01-29	DVM-124	400	103
3707	envisioneer intuitive systems	2021-12-05	2021-12-24	YKA-239	400	137
3708	maximize integrated functionalities	2020-12-31	2021-01-01	CDI-920	381	136
3709	envisioneer plug-and-play e-tailers	2023-04-17	2023-04-30	ZQA-738	384	110
3710	drive vertical niches	2021-10-20	2021-10-27	CNY-229	386	123
3711	productize web-enabled mindshare	2020-08-12	2020-08-25	STN-239	384	109
3712	revolutionize interactive models	2023-07-12	2023-07-13	CPR-871	400	137
3713	brand innovative platforms	2022-03-22	2022-04-02	WEG-469	386	136
3714	aggregate wireless users	2021-12-05	2021-12-14	OQO-091	384	141
3715	productize revolutionary models	2022-12-19	2023-01-04	FSW-519	381	143
3716	benchmark interactive systems	2022-03-01	2022-03-06	WMK-027	399	140
3717	transform back-end markets	2022-03-10	2022-03-11	QIP-312	386	148
3718	scale leading-edge web services	2022-05-30	2022-06-19	WIZ-096	400	122
3719	transition killer models	2021-09-16	2021-09-18	IFM-069	400	105
3720	repurpose intuitive methodologies	2021-01-21	2021-02-07	UYG-743	381	140
3721	unleash virtual users	2021-08-02	2021-08-06	TKE-556	400	133
3722	seize dynamic e-business	2020-04-20	2020-04-21	JRL-015	386	144
3723	streamline interactive experiences	2020-10-25	2020-11-04	STG-902	386	148
3724	streamline bricks-and-clicks partnerships	2022-11-15	2022-11-28	VLT-942	381	111
3725	expedite viral niches	2022-09-14	2022-09-26	LLO-065	381	134
3726	grow robust networks	2021-08-08	2021-08-23	WMZ-108	384	147
3727	transition proactive infrastructures	2023-03-26	2023-04-03	AMG-474	399	147
3728	grow magnetic solutions	2020-11-12	2020-11-21	JVH-926	400	115
3729	re-intermediate mission-critical web-readiness	2021-10-05	2021-10-11	HKF-267	399	148
3730	monetize clicks-and-mortar partnerships	2020-09-04	2020-09-11	URR-223	384	113
3731	revolutionize leading-edge web-readiness	2022-01-04	2022-01-23	SSX-825	400	102
3732	facilitate open-source solutions	2023-02-07	2023-02-16	PMF-611	386	111
3733	scale compelling action-items	2020-07-12	2020-07-27	CMD-233	381	126
3734	scale integrated technologies	2023-09-03	2023-09-21	UNY-027	400	106
3735	re-contextualize compelling e-business	2020-04-09	2020-04-12	PIV-906	384	119
3736	envisioneer turn-key e-tailers	2021-01-19	2021-02-03	UWA-816	400	126
3737	drive out-of-the-box networks	2021-10-17	2021-10-23	EYD-884	400	108
3738	expedite transparent interfaces	2020-08-17	2020-08-31	SAQ-413	400	103
3739	disintermediate real-time relationships	2022-02-01	2022-02-12	MNY-991	399	113
3740	benchmark vertical web services	2020-06-11	2020-06-27	XCA-218	399	147
3741	leverage leading-edge content	2020-12-04	2020-12-23	ZLQ-387	399	118
3742	generate proactive niches	2020-05-11	2020-05-31	UZC-880	399	103
3743	drive open-source action-items	2021-10-26	2021-11-15	MWM-563	400	120
3744	incubate value-added vortals	2020-12-09	2020-12-17	ZAE-863	384	107
3745	orchestrate B2B info-mediaries	2021-06-04	2021-06-07	RFA-024	381	143
3746	syndicate one-to-one networks	2022-08-28	2022-09-06	DCP-450	386	123
3747	mesh end-to-end interfaces	2021-01-15	2021-01-22	UUA-722	400	121
3748	implement leading-edge e-commerce	2022-08-17	2022-08-25	XKJ-506	386	113
3749	revolutionize visionary applications	2020-06-15	2020-07-04	BED-921	384	115
3750	grow real-time architectures	2021-07-18	2021-08-01	UXQ-717	400	135
3751	enable seamless e-business	2023-03-24	2023-03-27	HEO-099	386	101
3752	extend plug-and-play experiences	2021-07-10	2021-07-17	CXY-044	399	129
3753	aggregate transparent functionalities	2023-07-01	2023-07-19	BDC-888	399	140
3754	integrate customized architectures	2022-04-23	2022-05-11	QJQ-235	400	104
3755	monetize real-time portals	2023-08-22	2023-08-23	JNU-572	386	130
3756	aggregate magnetic niches	2021-06-24	2021-07-12	PSW-214	386	141
3757	extend proactive relationships	2023-06-23	2023-07-08	EMZ-073	386	105
3758	mesh out-of-the-box markets	2022-04-10	2022-04-20	QGJ-641	399	103
3759	harness user-centric e-tailers	2022-11-19	2022-12-08	PIZ-400	399	123
3760	repurpose front-end technologies	2023-08-06	2023-08-15	PLY-485	399	128
3761	whiteboard distributed relationships	2020-05-31	2020-06-12	HPH-485	381	103
3762	iterate holistic synergies	2023-07-14	2023-07-16	DUO-533	384	119
3763	e-enable end-to-end models	2022-08-16	2022-08-22	DOO-059	399	143
3764	e-enable intuitive channels	2022-05-04	2022-05-25	BKD-227	386	141
3765	disintermediate proactive channels	2022-10-01	2022-10-09	XFV-368	399	144
3766	target sticky ROI	2021-10-05	2021-10-07	UCL-995	399	110
3767	grow sticky bandwidth	2023-01-30	2023-02-11	BAL-743	384	131
3768	engineer 24/7 solutions	2021-01-01	2021-01-03	UED-824	384	113
3769	disintermediate one-to-one niches	2020-09-07	2020-09-28	DIU-659	400	143
3770	repurpose front-end vortals	2022-03-28	2022-04-06	LQN-451	384	149
3771	envisioneer sticky mindshare	2020-04-26	2020-05-08	HYE-347	399	106
3772	revolutionize world-class e-tailers	2023-08-03	2023-08-17	PAY-132	381	148
3773	monetize intuitive systems	2020-12-20	2020-12-29	DIZ-580	400	150
3774	facilitate proactive relationships	2023-04-30	2023-05-04	PMH-467	399	126
3775	re-intermediate vertical markets	2020-01-04	2020-01-20	PFJ-796	384	136
3776	incentivize cross-platform applications	2020-08-02	2020-08-13	LKY-270	381	147
3777	deliver seamless applications	2022-08-22	2022-09-10	YQQ-413	381	103
3778	grow dynamic bandwidth	2023-08-09	2023-08-26	SAJ-825	384	105
3779	visualize cross-platform portals	2020-11-03	2020-11-20	ABM-310	399	140
3780	innovate transparent content	2020-10-12	2020-11-02	GAI-801	399	113
3781	facilitate clicks-and-mortar e-commerce	2020-09-12	2020-09-14	QUG-461	386	104
3782	morph viral vortals	2022-10-05	2022-10-08	DSM-866	384	111
3783	seize leading-edge functionalities	2020-08-28	2020-09-07	QOS-238	400	102
3784	brand world-class interfaces	2020-06-15	2020-06-19	OHK-380	384	150
3785	redefine integrated web-readiness	2022-07-16	2022-08-05	DAD-472	384	102
3786	enable wireless portals	2020-01-27	2020-02-04	XAE-627	400	135
3787	envisioneer innovative schemas	2023-02-25	2023-03-12	QHA-708	381	140
3788	aggregate customized content	2021-02-23	2021-03-05	KXP-368	381	131
3789	maximize sticky eyeballs	2021-03-23	2021-03-26	ANM-980	381	122
3790	streamline world-class metrics	2022-08-11	2022-08-29	JEC-739	386	120
3791	cultivate robust metrics	2020-08-04	2020-08-06	XTA-797	386	148
3792	mesh open-source markets	2021-12-31	2022-01-18	JIK-428	386	133
3793	seize front-end initiatives	2021-12-19	2021-12-29	MSM-970	381	131
3794	incubate front-end experiences	2021-02-22	2021-03-11	ZJP-974	381	140
3795	repurpose cross-platform channels	2022-04-20	2022-04-29	UZS-895	400	134
3796	incentivize ubiquitous e-commerce	2021-11-23	2021-12-11	NLY-076	381	114
3797	empower B2B supply-chains	2020-11-13	2020-12-04	NLQ-406	400	138
3798	disintermediate robust platforms	2023-05-08	2023-05-14	NLJ-125	384	126
3799	morph one-to-one portals	2021-01-05	2021-01-15	RWG-091	399	112
3800	deliver B2C portals	2022-12-02	2022-12-03	ZJJ-782	384	101
3801	harness granular bandwidth	2020-02-15	2020-03-05	ZUT-387	384	134
3802	unleash leading-edge infrastructures	2020-06-12	2020-07-01	SLT-790	384	101
3803	streamline B2C models	2023-02-25	2023-03-16	VYU-523	386	150
3804	leverage killer relationships	2020-09-11	2020-09-16	SWC-270	399	148
3805	revolutionize granular supply-chains	2022-12-01	2022-12-22	MPN-667	381	128
3806	visualize bricks-and-clicks infrastructures	2021-04-16	2021-05-05	ZLU-873	400	142
3807	repurpose plug-and-play e-services	2022-09-15	2022-09-17	GCH-326	400	107
3808	brand sticky ROI	2020-05-29	2020-06-04	TZS-406	399	115
3809	incentivize frictionless experiences	2020-06-15	2020-07-01	QLQ-689	381	145
3810	mesh best-of-breed platforms	2022-01-16	2022-01-25	CMR-646	384	132
3811	revolutionize integrated technologies	2022-08-14	2022-08-18	IDB-148	400	126
3812	engage cross-platform communities	2021-12-29	2022-01-11	GLX-865	384	136
3813	productize out-of-the-box niches	2020-05-22	2020-06-06	EKC-516	400	131
3814	productize collaborative infrastructures	2022-03-20	2022-04-08	XED-950	400	149
3815	enhance open-source web services	2022-09-24	2022-10-08	OXD-120	381	110
3816	streamline collaborative synergies	2022-01-30	2022-02-13	HRU-436	386	103
3817	visualize collaborative experiences	2021-08-10	2021-08-26	LUH-624	400	139
3818	benchmark B2C bandwidth	2020-09-21	2020-10-04	WST-946	381	128
3819	visualize plug-and-play functionalities	2021-06-30	2021-07-01	OJH-275	384	123
3820	incentivize bricks-and-clicks methodologies	2021-07-11	2021-07-12	WTB-897	399	111
3821	productize granular convergence	2021-04-04	2021-04-13	QCR-605	399	144
3822	grow mission-critical interfaces	2022-10-06	2022-10-16	EHB-370	400	107
3823	synergize e-business paradigms	2023-05-29	2023-06-10	CSE-970	386	134
3824	streamline B2B metrics	2021-04-07	2021-04-13	EDA-336	381	146
3825	monetize magnetic e-business	2021-11-07	2021-11-23	WRR-853	400	136
3826	facilitate intuitive supply-chains	2022-05-05	2022-05-21	AEQ-674	386	117
3827	benchmark cross-media web-readiness	2023-04-18	2023-04-30	ERD-936	399	130
3828	re-contextualize integrated networks	2023-08-04	2023-08-09	LKT-708	381	110
3829	productize out-of-the-box applications	2022-06-23	2022-07-14	SOF-080	400	138
3830	utilize vertical portals	2020-05-31	2020-06-19	CJV-932	386	146
3831	expedite clicks-and-mortar eyeballs	2020-09-12	2020-09-23	EGD-807	381	112
3832	unleash innovative e-services	2020-04-22	2020-05-12	RDJ-478	400	140
3833	exploit innovative e-business	2023-06-18	2023-07-02	LPS-718	399	124
3834	seize scalable systems	2020-10-13	2020-10-24	QFK-254	400	117
3835	morph bricks-and-clicks interfaces	2023-01-25	2023-01-27	HXK-731	386	143
3836	enhance dynamic synergies	2020-01-28	2020-02-02	XMG-226	381	140
3837	utilize turn-key portals	2023-03-15	2023-03-21	IUV-543	400	149
3838	reinvent distributed methodologies	2021-01-03	2021-01-18	CMJ-071	399	137
3839	whiteboard web-enabled infrastructures	2022-02-20	2022-03-10	WCG-986	386	112
3840	morph world-class technologies	2022-08-22	2022-08-31	SUX-636	386	104
3841	envisioneer virtual action-items	2020-06-02	2020-06-19	KND-684	400	121
3842	visualize back-end infrastructures	2020-06-24	2020-06-28	RJP-636	386	105
3843	evolve world-class models	2021-09-14	2021-09-28	YXX-107	386	127
3844	orchestrate revolutionary action-items	2021-06-09	2021-06-27	UXD-449	400	141
3845	generate 24/7 niches	2021-06-22	2021-06-29	KZU-984	381	142
3846	scale visionary portals	2023-04-01	2023-04-11	NPQ-119	386	143
3847	monetize magnetic web-readiness	2023-08-03	2023-08-09	VIT-946	400	126
3848	transition global functionalities	2021-08-05	2021-08-15	NGV-607	384	146
3849	engage B2C metrics	2022-08-10	2022-08-24	NJX-497	386	126
3850	redefine holistic ROI	2020-07-12	2020-07-27	ZFC-709	386	141
3851	leverage customized supply-chains	2023-07-17	2023-08-07	INA-340	399	123
3852	scale killer communities	2020-03-07	2020-03-10	VWJ-283	384	146
3853	re-intermediate viral info-mediaries	2023-09-07	2023-09-09	WVC-864	399	129
3854	seize interactive e-services	2020-06-25	2020-07-10	COW-358	384	139
3855	productize frictionless channels	2023-06-17	2023-07-04	KCK-171	384	149
3856	deploy next-generation info-mediaries	2020-12-01	2020-12-08	PBX-127	386	119
3857	empower front-end interfaces	2020-01-04	2020-01-11	XBN-117	400	129
3858	productize open-source relationships	2022-05-27	2022-06-01	JJM-474	386	107
3859	repurpose enterprise ROI	2023-06-08	2023-06-15	LSZ-525	386	150
3860	unleash user-centric content	2022-06-19	2022-07-08	FOD-464	381	118
3861	incentivize value-added markets	2020-09-08	2020-09-09	QDQ-641	386	121
3862	harness revolutionary e-markets	2023-01-29	2023-02-04	RQC-195	386	143
3863	visualize extensible synergies	2021-01-23	2021-02-02	NNM-895	400	143
3864	deliver scalable schemas	2023-08-03	2023-08-06	PDN-027	399	141
3865	scale virtual architectures	2021-12-06	2021-12-20	NOJ-292	400	115
3866	incentivize e-business niches	2020-12-02	2020-12-14	MYN-896	384	117
3867	unleash sticky e-tailers	2021-12-25	2022-01-08	EXK-686	384	124
3868	envisioneer interactive networks	2020-08-12	2020-08-17	NAH-866	386	106
3869	mesh revolutionary schemas	2020-11-05	2020-11-23	BKZ-528	400	103
3870	re-contextualize global web services	2020-02-06	2020-02-19	UZK-886	381	119
3871	incubate intuitive functionalities	2020-03-24	2020-03-27	KRG-632	400	104
3872	embrace bleeding-edge communities	2022-12-17	2022-12-30	XDG-456	399	144
3873	leverage virtual solutions	2023-07-07	2023-07-16	NJB-696	400	127
3874	productize global deliverables	2022-06-17	2022-06-29	NAX-162	384	140
3875	maximize dynamic e-business	2020-09-16	2020-09-29	VVT-699	381	102
3876	empower compelling content	2020-08-16	2020-08-21	XZK-238	381	140
3877	implement back-end content	2021-06-20	2021-06-26	ZUA-145	386	124
3878	iterate plug-and-play info-mediaries	2023-04-05	2023-04-06	NVB-412	381	127
3879	productize robust platforms	2020-01-28	2020-02-13	BBR-667	386	114
3880	harness vertical eyeballs	2022-03-04	2022-03-09	QLM-068	384	120
3881	orchestrate world-class platforms	2021-04-11	2021-04-26	ADV-065	400	145
3882	revolutionize B2C bandwidth	2022-07-12	2022-07-31	RLK-750	384	118
3883	facilitate innovative solutions	2022-04-24	2022-05-09	WQM-531	400	124
3884	empower scalable systems	2021-11-28	2021-12-08	RBL-730	399	104
3885	incentivize open-source networks	2021-02-05	2021-02-22	BXM-645	399	128
3886	transform innovative interfaces	2023-05-13	2023-05-15	DPQ-035	399	102
3887	benchmark turn-key bandwidth	2020-02-09	2020-02-20	BUR-188	384	102
3888	enable turn-key synergies	2021-04-09	2021-04-18	IXX-532	386	143
3889	unleash innovative e-business	2022-01-06	2022-01-11	JLK-535	384	126
3890	unleash back-end content	2020-07-14	2020-07-17	KQV-792	384	101
3891	monetize front-end users	2021-11-20	2021-11-22	ZWA-188	381	150
3892	matrix strategic e-business	2021-01-28	2021-02-14	WTY-683	386	112
3893	matrix strategic e-tailers	2023-05-29	2023-06-16	HRT-687	386	148
3894	architect real-time initiatives	2023-04-14	2023-05-01	KBO-259	400	106
3895	generate one-to-one interfaces	2021-06-28	2021-07-16	OIE-067	381	106
3896	reinvent extensible portals	2022-07-30	2022-08-19	IVX-943	381	142
3897	unleash dot-com markets	2020-07-15	2020-07-28	EAL-043	386	118
3898	scale synergistic e-business	2023-02-24	2023-03-06	HQL-168	386	122
3899	extend one-to-one paradigms	2021-09-30	2021-10-07	WCT-372	399	112
3900	drive best-of-breed action-items	2020-06-09	2020-06-13	SUF-786	399	132
3901	embrace innovative e-markets	2021-10-24	2021-10-30	UEV-687	400	106
3902	unleash killer methodologies	2020-10-26	2020-11-01	VZV-263	399	107
3903	e-enable interactive supply-chains	2021-10-21	2021-10-25	FXQ-539	381	113
3904	deploy vertical networks	2023-08-07	2023-08-28	BSW-094	399	103
3905	transform cross-media models	2022-04-13	2022-04-22	NZY-236	384	112
3906	enable real-time portals	2023-04-04	2023-04-06	YGA-960	399	125
3907	scale cross-platform communities	2022-02-25	2022-02-27	OHU-510	386	146
3908	reinvent back-end users	2020-01-30	2020-02-06	RDI-963	384	122
3909	redefine next-generation schemas	2020-07-21	2020-07-30	WPS-199	384	133
3910	enable enterprise solutions	2023-04-30	2023-05-06	HGT-195	381	141
3911	generate synergistic schemas	2022-02-13	2022-02-15	CYI-839	384	124
3912	exploit user-centric deliverables	2020-04-02	2020-04-15	CFX-313	384	108
3913	mesh impactful deliverables	2020-02-03	2020-02-21	IQF-080	381	147
3914	aggregate enterprise convergence	2023-01-05	2023-01-20	KXZ-097	386	135
3915	transition world-class users	2020-09-15	2020-10-02	XXH-612	399	104
3916	whiteboard frictionless info-mediaries	2020-03-19	2020-03-23	ALW-666	384	115
3917	re-intermediate visionary users	2023-09-24	2023-10-10	LCG-300	381	145
3918	aggregate virtual applications	2020-01-05	2020-01-15	DEG-511	386	109
3919	architect back-end experiences	2023-07-02	2023-07-05	VJJ-559	386	107
3920	disintermediate vertical users	2023-01-30	2023-02-19	JDB-124	386	138
3921	brand innovative e-commerce	2020-01-10	2020-01-13	IAG-752	400	137
3922	empower viral metrics	2022-05-09	2022-05-24	HJJ-932	386	114
3923	harness next-generation deliverables	2020-11-10	2020-11-29	FBY-959	400	119
3924	revolutionize sticky bandwidth	2021-06-12	2021-06-25	EXY-043	399	127
3925	expedite extensible web services	2021-11-04	2021-11-22	OGC-191	400	133
3926	strategize global niches	2023-08-22	2023-09-11	WMR-374	399	130
3927	transform synergistic platforms	2020-06-13	2020-07-01	JVL-993	399	140
3928	extend holistic applications	2021-04-25	2021-04-29	DAE-569	386	120
3929	utilize web-enabled interfaces	2023-03-07	2023-03-24	OHR-820	384	144
3930	iterate revolutionary bandwidth	2020-07-18	2020-08-02	LEW-861	381	128
3931	incubate cutting-edge solutions	2022-08-03	2022-08-15	GUF-128	386	125
3932	incentivize visionary e-markets	2023-09-05	2023-09-11	ORK-603	384	139
3933	engage intuitive users	2022-11-16	2022-11-25	OCD-590	399	116
3934	leverage frictionless niches	2021-11-29	2021-12-19	MFF-378	386	104
3935	deploy robust infrastructures	2022-09-19	2022-10-09	OSU-930	384	109
3936	streamline innovative infrastructures	2021-10-07	2021-10-14	FUJ-634	386	125
3937	incubate seamless mindshare	2023-04-18	2023-04-29	XZP-068	400	150
3938	enable e-business supply-chains	2020-03-30	2020-04-11	PUZ-352	399	119
3939	monetize end-to-end web services	2020-06-08	2020-06-28	KJQ-819	386	116
3940	syndicate front-end architectures	2021-08-26	2021-09-01	SRI-197	381	147
3941	drive value-added niches	2021-10-09	2021-10-27	NJT-618	381	133
3942	engage value-added metrics	2021-04-27	2021-05-13	YDA-133	381	119
3943	re-contextualize cross-media methodologies	2022-09-23	2022-10-12	CSO-050	386	109
3944	enable plug-and-play networks	2022-07-11	2022-07-13	EZD-906	381	130
3945	strategize scalable content	2022-03-27	2022-04-11	OUX-477	399	123
3946	re-intermediate innovative architectures	2023-02-13	2023-02-26	YQO-760	384	120
3947	whiteboard bleeding-edge infrastructures	2020-04-11	2020-04-20	ZYP-514	386	114
3948	envisioneer vertical relationships	2022-04-11	2022-04-21	YVK-328	400	149
3949	incentivize impactful schemas	2020-07-27	2020-08-08	YAK-420	384	103
3950	leverage proactive paradigms	2023-07-15	2023-07-18	NQY-226	400	132
3951	synergize front-end users	2021-03-11	2021-03-30	LCB-409	386	115
3952	expedite sticky metrics	2020-05-28	2020-06-11	XTS-336	399	104
3953	visualize B2C convergence	2022-01-27	2022-02-16	POQ-656	386	115
3954	exploit web-enabled synergies	2022-10-18	2022-11-05	TVZ-370	386	112
3955	evolve intuitive metrics	2022-07-13	2022-07-31	ZRJ-026	400	116
3956	enable clicks-and-mortar partnerships	2023-07-07	2023-07-24	NJR-590	399	114
3957	incentivize frictionless vortals	2020-02-03	2020-02-14	UJY-533	400	129
3958	generate 24/7 metrics	2021-02-05	2021-02-06	HPS-049	400	109
3959	integrate granular info-mediaries	2023-05-18	2023-06-07	QQK-893	381	129
3960	morph customized bandwidth	2022-03-29	2022-04-11	KSO-432	399	136
3961	integrate killer web-readiness	2022-06-29	2022-07-08	MMB-961	384	139
3962	streamline dynamic info-mediaries	2020-08-21	2020-09-09	MLS-134	384	150
3963	synergize web-enabled info-mediaries	2020-03-26	2020-04-05	VOF-520	400	118
3964	repurpose intuitive technologies	2021-05-19	2021-05-27	DAP-331	386	114
3965	unleash turn-key partnerships	2020-08-28	2020-09-10	XCS-902	381	120
3966	implement e-business e-commerce	2021-12-13	2021-12-29	BCV-842	400	113
3967	implement next-generation mindshare	2023-05-11	2023-05-14	RJJ-861	400	123
3968	re-intermediate seamless interfaces	2021-06-15	2021-06-23	SNR-653	386	125
3969	scale value-added partnerships	2021-10-07	2021-10-20	MIU-069	381	104
3970	reinvent cross-media models	2020-03-22	2020-03-24	NUE-821	384	106
3971	syndicate granular infrastructures	2020-08-09	2020-08-25	DJP-211	386	112
3972	implement e-business portals	2020-10-10	2020-10-12	RTM-549	381	114
3973	aggregate proactive vortals	2021-12-16	2021-12-27	SLE-561	381	125
3974	engineer interactive vortals	2022-06-27	2022-07-12	SJT-432	386	136
3975	grow world-class relationships	2021-05-07	2021-05-24	QEM-215	400	121
3976	optimize innovative vortals	2021-03-02	2021-03-20	BNS-720	384	105
3977	transform next-generation content	2022-05-22	2022-06-02	HWF-419	381	144
3978	exploit seamless communities	2020-07-05	2020-07-20	SBG-379	386	126
3979	utilize viral users	2022-01-11	2022-01-18	FCO-489	386	142
3980	e-enable 24/7 metrics	2023-01-16	2023-01-29	KBF-076	381	107
3981	exploit frictionless info-mediaries	2022-06-24	2022-07-13	LPH-090	381	143
3982	reinvent magnetic models	2022-03-16	2022-03-31	QNF-242	399	137
3983	innovate plug-and-play networks	2022-06-11	2022-06-19	FEF-627	386	109
3984	unleash distributed bandwidth	2022-04-19	2022-04-21	WWD-673	384	139
3985	mesh B2C niches	2021-10-19	2021-10-20	CJY-029	384	132
3986	architect value-added e-business	2021-02-08	2021-03-01	UHJ-022	386	124
3987	deploy customized eyeballs	2020-01-09	2020-01-18	MIS-217	400	102
3988	disintermediate B2C markets	2023-03-25	2023-04-02	SAL-580	384	105
3989	evolve customized convergence	2020-05-15	2020-05-24	JMU-887	386	138
3990	re-contextualize plug-and-play applications	2022-10-06	2022-10-15	HBH-991	384	126
3991	incentivize granular ROI	2023-05-17	2023-05-19	QEC-254	381	114
3992	architect open-source solutions	2023-05-07	2023-05-13	CXC-841	399	124
3993	revolutionize magnetic methodologies	2023-09-27	2023-10-07	WYF-651	400	105
3994	unleash killer e-tailers	2020-10-03	2020-10-15	MZT-427	386	150
3995	redefine customized e-markets	2023-07-16	2023-08-04	UMM-242	400	105
3996	unleash holistic initiatives	2022-09-05	2022-09-10	UKK-257	399	130
3997	envisioneer visionary eyeballs	2023-09-01	2023-09-08	WAV-175	384	136
3998	maximize leading-edge content	2023-07-02	2023-07-13	VKF-009	399	123
3999	streamline dot-com interfaces	2023-02-19	2023-02-26	IHF-409	381	121
4000	incentivize mission-critical supply-chains	2021-09-05	2021-09-25	WJV-420	400	146
\.


--
-- Data for Name: events_event_clients; Type: TABLE DATA; Schema: public; Owner: postgres
--

COPY public.events_event_clients (id, event_id, client_id) FROM stdin;
5969	3001	362
5970	3002	400
5971	3002	345
5972	3003	386
5973	3003	321
5974	3004	322
5975	3004	399
5976	3004	389
5977	3005	326
5978	3005	391
5979	3005	371
5980	3006	372
5981	3007	349
5982	3007	338
5983	3007	352
5984	3008	367
5985	3009	398
5986	3009	378
5987	3009	301
5988	3010	332
5989	3010	399
5990	3011	330
5991	3011	302
5992	3012	362
5993	3012	360
5994	3013	375
5995	3013	352
5996	3013	369
5997	3014	317
5998	3015	360
5999	3015	367
6000	3015	350
6001	3016	370
6002	3016	345
6003	3016	328
6004	3017	395
6005	3018	313
6006	3019	369
6007	3020	389
6008	3020	371
6009	3021	384
6010	3021	393
6011	3022	395
6012	3022	385
6013	3022	345
6014	3023	304
6015	3024	392
6016	3025	304
6017	3025	308
6018	3025	391
6019	3026	376
6020	3026	327
6021	3026	329
6022	3027	350
6023	3027	380
6024	3028	360
6025	3028	351
6026	3028	365
6027	3029	367
6028	3029	341
6029	3029	355
6030	3030	316
6031	3031	385
6032	3032	399
6033	3033	306
6034	3033	346
6035	3033	391
6036	3034	356
6037	3034	366
6038	3035	342
6039	3036	372
6040	3036	397
6041	3037	382
6042	3038	376
6043	3038	339
6044	3039	326
6045	3040	364
6046	3040	307
6047	3040	359
6048	3041	349
6050	3042	395
6051	3043	384
6052	3043	335
6053	3044	371
6054	3045	340
6055	3045	324
6056	3046	320
6057	3046	398
6058	3046	326
6059	3047	350
6060	3047	367
6061	3048	349
6062	3048	386
6063	3048	339
6064	3049	320
6065	3049	350
6066	3050	351
6067	3051	359
6068	3051	383
6069	3051	366
6070	3052	317
6071	3052	343
6072	3053	310
6073	3054	395
6074	3054	303
6075	3054	346
6076	3055	311
6077	3056	350
6078	3057	351
6079	3057	368
6080	3057	378
6081	3058	355
6082	3058	384
6083	3059	349
6084	3059	318
6085	3059	397
6086	3060	332
6087	3061	368
6088	3061	307
6089	3062	321
6090	3062	301
6091	3062	325
6092	3063	309
6093	3063	388
6094	3064	331
6095	3064	347
6096	3064	330
6097	3065	389
6098	3065	365
6099	3065	390
6100	3066	333
6101	3066	383
6102	3066	334
6103	3067	377
6104	3068	317
6105	3068	322
6106	3068	340
6107	3069	363
6108	3069	342
6109	3070	372
6110	3071	372
6111	3072	346
6112	3072	350
6113	3072	380
6114	3073	321
6115	3073	384
6116	3073	390
6117	3074	370
6118	3075	330
6119	3076	379
6120	3076	370
6121	3076	311
6122	3077	378
6123	3078	371
6124	3078	389
6125	3079	393
6126	3080	323
6127	3081	377
6128	3082	377
6129	3082	353
6130	3083	371
6131	3083	376
6132	3084	306
6134	3085	391
6135	3086	307
6136	3087	321
6137	3087	341
6138	3088	324
6139	3089	354
6140	3090	340
6141	3090	379
6142	3090	369
6143	3091	318
6144	3091	395
6145	3091	388
6146	3092	380
6147	3092	338
6148	3093	316
6149	3093	327
6150	3093	392
6151	3094	304
6152	3094	369
6153	3095	332
6154	3095	381
6155	3095	378
6156	3096	310
6157	3096	383
6158	3096	359
6159	3097	359
6160	3097	376
6161	3098	374
6163	3098	332
6164	3099	373
6165	3099	303
6166	3099	395
6167	3100	322
6168	3101	377
6169	3101	378
6170	3101	326
6171	3102	400
6172	3102	396
6173	3103	356
6174	3103	330
6175	3104	302
6176	3104	372
6177	3104	354
6178	3105	388
6179	3105	342
6180	3105	314
6181	3106	330
6182	3106	344
6183	3107	385
6184	3107	397
6185	3108	388
6186	3109	373
6187	3110	312
6188	3111	400
6189	3111	357
6190	3112	322
6191	3113	399
6192	3113	321
6193	3114	318
6194	3115	322
6195	3116	398
6196	3116	332
6197	3116	344
6198	3117	356
6199	3117	360
6200	3117	385
6201	3118	320
6202	3119	328
6203	3120	363
6204	3120	394
6205	3121	333
6206	3121	343
6207	3122	383
6208	3122	345
6209	3123	318
6210	3123	332
6211	3124	307
6212	3124	375
6213	3124	322
6214	3125	368
6215	3126	365
6216	3127	340
6217	3127	353
6218	3128	336
6219	3128	362
6220	3128	376
6221	3129	308
6222	3129	357
6223	3129	379
6224	3130	315
6225	3130	346
6226	3130	368
6227	3131	321
6228	3131	361
6229	3132	319
6230	3132	358
6231	3132	312
6232	3133	351
6233	3133	314
6234	3133	379
6235	3134	325
6236	3135	329
6237	3135	383
6238	3136	358
6239	3136	334
6240	3137	397
6241	3137	324
6242	3138	368
6243	3138	380
6244	3139	320
6245	3139	344
6246	3140	326
6247	3140	322
6248	3140	387
6249	3141	324
6251	3142	328
6252	3142	380
6253	3143	327
6254	3143	382
6255	3143	321
6256	3144	317
6257	3144	313
6258	3145	329
6259	3146	303
6260	3146	400
6261	3147	338
6262	3147	329
6263	3148	385
6264	3148	324
6265	3148	361
6266	3149	390
6267	3149	387
6268	3149	370
6269	3150	363
6270	3150	400
6271	3151	328
6272	3151	341
6273	3151	329
6274	3152	349
6275	3152	388
6276	3152	303
6277	3153	306
6278	3153	359
6279	3153	376
6280	3154	365
6281	3154	351
6282	3155	302
6283	3155	333
6284	3156	301
6285	3157	349
6286	3158	320
6287	3159	347
6288	3160	386
6289	3160	361
6290	3160	394
6291	3161	314
6292	3161	388
6293	3162	310
6294	3162	304
6295	3163	393
6296	3163	375
6297	3163	303
6298	3164	361
6299	3164	390
6300	3164	323
6301	3165	386
6302	3166	395
6303	3167	309
6304	3167	388
6305	3168	315
6306	3169	307
6307	3169	345
6308	3170	378
6309	3170	368
6310	3171	354
6311	3171	366
6312	3171	399
6313	3172	360
6314	3173	387
6315	3174	360
6316	3175	327
6317	3175	387
6318	3175	358
6319	3176	373
6320	3177	347
6321	3178	346
6322	3178	364
6323	3178	321
6324	3179	317
6325	3179	366
6326	3179	340
6327	3180	392
6328	3180	346
6329	3180	383
6330	3181	394
6331	3181	321
6332	3181	396
6333	3182	328
6334	3182	400
6335	3182	386
6336	3183	303
6337	3183	368
6338	3183	309
6339	3184	381
6340	3184	393
6341	3184	350
6342	3185	335
6343	3185	315
6344	3186	330
6345	3187	381
6346	3187	374
6347	3187	359
6348	3188	381
6349	3188	319
6350	3188	324
6351	3189	315
6352	3189	397
6353	3190	380
6354	3190	367
6355	3191	364
6356	3191	343
6357	3192	348
6358	3193	378
6360	3194	314
6361	3194	341
6362	3195	323
6363	3195	326
6364	3196	360
6365	3197	386
6366	3197	329
6367	3197	330
6368	3198	345
6369	3199	347
6370	3199	356
6371	3199	380
6372	3200	314
6373	3201	333
6374	3201	383
6375	3202	376
6376	3202	394
6377	3203	342
6378	3204	382
6379	3204	395
6380	3205	355
6381	3205	357
6382	3205	317
6383	3206	347
6384	3206	396
6385	3207	362
6386	3208	359
6387	3208	389
6388	3209	361
6389	3209	353
6390	3210	395
6391	3210	350
6392	3211	396
6393	3211	386
6394	3212	319
6395	3212	306
6396	3212	367
6397	3213	348
6398	3213	355
6399	3213	364
6400	3214	362
6401	3215	368
6402	3216	366
6403	3217	381
6404	3217	315
6405	3218	391
6406	3219	310
6407	3219	348
6408	3220	335
6409	3221	342
6410	3221	324
6411	3222	326
6412	3223	318
6413	3223	332
6414	3223	301
6415	3224	370
6416	3225	315
6417	3225	394
6418	3226	400
6419	3227	389
6420	3227	353
6421	3227	323
6422	3228	311
6423	3229	312
6424	3229	358
6425	3230	325
6426	3230	397
6427	3231	357
6428	3231	368
6429	3231	301
6430	3232	384
6431	3232	327
6432	3233	400
6433	3233	302
6434	3233	330
6435	3234	317
6436	3234	370
6437	3234	374
6438	3235	319
6439	3235	371
6440	3236	318
6441	3237	359
6442	3237	341
6443	3237	331
6444	3238	322
6445	3238	329
6446	3238	332
6447	3239	310
6448	3239	366
6449	3240	316
6450	3240	377
6451	3240	334
6452	3241	384
6453	3241	374
6454	3241	334
6455	3242	305
6456	3243	387
6457	3244	374
6458	3244	380
6459	3245	398
6460	3246	318
6461	3246	354
6462	3247	393
6463	3247	319
6464	3248	341
6465	3248	319
6466	3248	384
6467	3249	389
6468	3250	392
6469	3251	329
6470	3251	361
6471	3252	372
6472	3253	370
6473	3253	301
6474	3254	316
6475	3254	368
6476	3254	398
6477	3255	383
6478	3255	352
6479	3255	363
6480	3256	336
6481	3256	388
6482	3257	341
6483	3257	332
6485	3258	321
6486	3258	373
6487	3258	344
6488	3259	385
6489	3259	391
6490	3259	364
6491	3260	343
6492	3260	304
6493	3261	328
6494	3262	360
6495	3263	320
6496	3263	347
6497	3263	305
6498	3264	346
6499	3264	314
6500	3264	368
6501	3265	370
6502	3266	371
6503	3266	377
6504	3267	340
6505	3267	321
6506	3267	311
6507	3268	387
6508	3269	328
6509	3269	353
6510	3269	346
6511	3270	310
6512	3270	324
6513	3271	329
6514	3272	376
6515	3273	309
6516	3273	399
6517	3273	349
6518	3274	374
6519	3274	357
6520	3275	347
6521	3275	375
6522	3276	319
6523	3276	375
6524	3277	391
6525	3278	362
6526	3278	363
6527	3278	387
6528	3279	383
6529	3280	342
6530	3281	372
6531	3281	368
6532	3282	393
6533	3283	376
6534	3284	302
6535	3284	304
6536	3284	390
6537	3285	353
6538	3285	341
6539	3285	308
6540	3286	395
6541	3286	317
6542	3287	325
6543	3287	371
6544	3288	344
6545	3288	347
6546	3288	388
6547	3289	333
6548	3290	360
6549	3290	305
6550	3291	309
6551	3291	318
6552	3292	388
6553	3293	327
6554	3294	322
6555	3295	368
6556	3295	384
6557	3296	399
6558	3296	329
6559	3297	307
6560	3298	313
6561	3298	322
6562	3298	312
6563	3299	373
6564	3300	362
6565	3300	382
6566	3301	347
6567	3301	360
6568	3302	310
6569	3302	396
6570	3303	386
6571	3303	302
6572	3304	306
6573	3305	393
6574	3305	398
6575	3305	337
6576	3306	334
6577	3306	392
6578	3306	310
6579	3307	352
6580	3307	344
6581	3308	310
6582	3308	328
6583	3308	304
6584	3309	305
6585	3310	338
6586	3311	373
6587	3312	400
6588	3312	379
6589	3312	329
6590	3313	304
6591	3313	376
6592	3314	304
6593	3314	337
6595	3315	392
6596	3315	309
6597	3316	400
6598	3316	351
6599	3316	306
6600	3317	361
6601	3318	372
6602	3318	311
6603	3319	325
6604	3320	394
6605	3320	308
6606	3320	331
6607	3321	364
6608	3322	315
6609	3323	376
6610	3323	387
6611	3324	309
6612	3325	311
6613	3326	315
6614	3326	317
6615	3327	364
6616	3327	363
6617	3327	384
6618	3328	341
6619	3328	335
6620	3329	356
6621	3329	349
6622	3329	355
6623	3330	338
6624	3330	352
6625	3331	373
6626	3332	325
6628	3333	345
6629	3333	391
6630	3333	334
6631	3334	366
6632	3335	352
6633	3335	357
6634	3335	349
6635	3336	351
6636	3337	386
6637	3337	357
6638	3337	305
6639	3338	318
6640	3338	351
6641	3339	377
6642	3340	377
6643	3340	349
6644	3340	368
6645	3341	361
6646	3342	358
6647	3343	378
6648	3343	318
6649	3343	331
6650	3344	385
6651	3344	369
6652	3345	390
6653	3345	371
6654	3345	399
6655	3346	382
6656	3346	391
6657	3346	353
6658	3347	319
6659	3347	380
6660	3348	329
6661	3348	350
6662	3349	342
6663	3349	385
6664	3350	313
6665	3351	399
6666	3352	355
6667	3352	354
6668	3353	393
6669	3353	375
6670	3354	392
6671	3354	369
6672	3355	385
6673	3355	366
6674	3356	339
6675	3357	373
6676	3357	386
6677	3357	354
6678	3358	351
6679	3359	395
6680	3360	341
6681	3360	304
6682	3360	359
6683	3361	323
6684	3361	322
6685	3362	319
6686	3362	375
6687	3362	357
6688	3363	322
6689	3364	317
6690	3364	394
6691	3364	330
6692	3365	377
6693	3365	356
6694	3365	359
6695	3366	306
6696	3366	319
6697	3366	382
6698	3367	359
6699	3368	354
6700	3368	349
6701	3369	340
6702	3370	357
6703	3370	315
6704	3371	348
6705	3372	328
6706	3372	334
6707	3372	342
6708	3373	379
6709	3374	382
6710	3374	316
6711	3374	394
6712	3375	331
6713	3375	396
6714	3375	352
6715	3376	313
6716	3376	399
6717	3376	386
6718	3377	319
6719	3377	336
6720	3378	340
6721	3378	312
6722	3379	356
6723	3379	338
6724	3380	342
6725	3380	394
6726	3380	310
6727	3381	328
6728	3381	396
6729	3382	353
6730	3383	328
6731	3384	353
6733	3384	337
6734	3385	343
6735	3385	378
6736	3386	344
6737	3387	387
6738	3388	341
6739	3388	374
6740	3389	399
6741	3389	335
6742	3389	326
6743	3390	325
6745	3390	376
6746	3391	314
6747	3392	389
6748	3392	327
6749	3393	357
6750	3393	387
6751	3394	352
6752	3394	388
6753	3395	301
6754	3396	373
6755	3397	370
6756	3397	387
6757	3398	326
6758	3399	384
6759	3399	320
6760	3399	302
6761	3400	390
6762	3400	321
6763	3400	372
6764	3401	399
6765	3401	336
6766	3402	396
6767	3402	301
6768	3402	393
6769	3403	301
6770	3404	352
6771	3405	320
6772	3405	350
6774	3406	377
6775	3406	341
6776	3406	306
6777	3407	392
6778	3408	342
6779	3408	390
6780	3408	380
6781	3409	377
6782	3409	302
6783	3410	374
6784	3411	308
6785	3411	303
6786	3411	313
6787	3412	344
6788	3412	398
6789	3413	351
6790	3413	371
6791	3413	323
6792	3414	366
6793	3414	321
6794	3415	343
6795	3415	332
6796	3416	380
6797	3416	355
6798	3417	334
6799	3417	304
6800	3418	396
6801	3418	364
6802	3418	380
6803	3419	386
6804	3420	318
6805	3421	379
6806	3422	308
6807	3423	342
6808	3424	344
6809	3424	372
6810	3424	307
6811	3425	320
6812	3425	316
6813	3426	363
6814	3427	394
6815	3427	340
6816	3428	301
6817	3428	333
6818	3429	360
6819	3429	381
6820	3429	356
6821	3430	384
6822	3430	361
6823	3430	334
6824	3431	350
6825	3432	362
6826	3433	395
6827	3434	305
6828	3434	301
6829	3435	344
6830	3435	368
6831	3436	365
6833	3437	385
6834	3437	330
6835	3438	366
6836	3438	395
6837	3439	323
6838	3439	308
6839	3440	364
6840	3441	347
6841	3442	340
6842	3442	362
6843	3442	336
6844	3443	349
6845	3443	358
6846	3444	369
6847	3445	367
6848	3445	363
6849	3445	318
6850	3446	304
6851	3446	387
6852	3446	393
6853	3447	343
6854	3447	331
6855	3447	314
6856	3448	356
6857	3449	400
6858	3450	360
6859	3451	337
6860	3452	379
6861	3453	365
6862	3453	351
6863	3454	383
6864	3454	374
6865	3455	319
6866	3456	356
6867	3456	319
6868	3457	344
6869	3457	310
6870	3458	318
6871	3459	364
6872	3460	305
6873	3461	387
6874	3462	333
6875	3462	394
6876	3462	363
6877	3463	375
6878	3463	305
6879	3464	397
6880	3465	323
6881	3466	307
6882	3466	317
6883	3467	339
6884	3467	317
6885	3468	351
6886	3468	358
6887	3469	357
6888	3470	335
6889	3470	349
6890	3471	354
6891	3471	321
6892	3471	391
6893	3472	343
6894	3472	378
6895	3473	318
6896	3474	366
6897	3475	394
6898	3475	348
6899	3475	313
6900	3476	399
6901	3476	374
6902	3477	321
6903	3477	345
6904	3477	303
6905	3478	397
6906	3479	377
6907	3479	376
6908	3479	304
6909	3480	365
6910	3480	381
6911	3481	380
6912	3481	384
6913	3481	391
6914	3482	389
6915	3482	344
6916	3482	315
6917	3483	354
6918	3484	366
6919	3485	377
6920	3485	351
6921	3486	384
6922	3487	379
6923	3487	363
6924	3487	306
6925	3488	377
6926	3489	354
6927	3490	346
6928	3491	353
6929	3491	394
6930	3492	316
6931	3492	320
6932	3493	393
6933	3494	347
6934	3494	384
6935	3494	308
6936	3495	318
6937	3495	338
6938	3496	364
6939	3497	375
6940	3497	388
6941	3498	374
6942	3499	330
6943	3500	383
6944	3500	318
6945	3500	361
6946	3501	304
6947	3501	333
6948	3501	352
6949	3502	302
6950	3503	375
6951	3503	363
6952	3503	388
6953	3504	383
6954	3505	397
6955	3505	349
6956	3506	321
6957	3506	358
6958	3506	347
6959	3507	392
6960	3507	318
6961	3507	369
6962	3508	375
6963	3508	384
6964	3509	337
6965	3509	376
6966	3510	360
6967	3510	392
6968	3510	307
6969	3511	334
6970	3511	310
6971	3511	340
6972	3512	325
6973	3512	365
6974	3513	322
6975	3513	326
6976	3514	339
6977	3514	329
6978	3515	387
6979	3515	395
6980	3516	361
6981	3516	305
6982	3516	329
6983	3517	316
6984	3517	377
6985	3518	369
6986	3518	377
6987	3518	350
6988	3519	333
6989	3519	383
6990	3519	349
6991	3520	379
6992	3520	381
6993	3521	400
6994	3522	359
6995	3522	321
6996	3522	377
6997	3523	337
6998	3523	353
6999	3523	397
7000	3524	381
7001	3524	357
7002	3525	367
7003	3526	345
7004	3526	325
7005	3526	309
7006	3527	361
7007	3528	343
7008	3529	342
7009	3529	303
7010	3530	353
7011	3531	389
7012	3531	333
7013	3531	325
7014	3532	307
7015	3532	342
7016	3533	398
7017	3533	312
7018	3534	321
7019	3535	386
7020	3536	337
7021	3536	306
7022	3537	348
7023	3537	376
7024	3537	368
7025	3538	384
7026	3539	356
7027	3539	307
7028	3540	325
7029	3541	377
7030	3542	374
7031	3542	348
7032	3542	310
7033	3543	353
7034	3543	311
7035	3544	310
7036	3544	339
7037	3544	332
7038	3545	342
7039	3545	308
7040	3546	388
7041	3546	359
7042	3547	347
7043	3547	365
7044	3547	304
7045	3548	301
7046	3548	371
7047	3549	306
7048	3549	388
7049	3550	362
7050	3550	329
7051	3551	355
7052	3552	381
7053	3553	321
7054	3554	353
7055	3554	346
7056	3555	344
7057	3555	369
7058	3556	347
7059	3557	319
7060	3558	322
7061	3558	313
7062	3559	355
7063	3560	394
7064	3560	384
7065	3560	364
7066	3561	388
7067	3561	359
7068	3562	317
7069	3562	328
7070	3563	328
7071	3564	341
7072	3565	331
7073	3566	302
7074	3567	339
7075	3567	323
7076	3567	400
7077	3568	345
7078	3568	394
7079	3568	316
7080	3569	353
7081	3570	321
7082	3570	353
7083	3570	307
7084	3571	334
7085	3571	360
7086	3572	366
7087	3572	303
7088	3573	389
7089	3573	368
7090	3574	387
7091	3574	375
7092	3574	383
7093	3575	317
7094	3576	322
7095	3576	312
7096	3576	367
7097	3577	387
7098	3577	388
7099	3578	326
7100	3579	388
7101	3579	371
7102	3580	354
7103	3581	325
7104	3581	380
7105	3582	377
7106	3582	351
7107	3582	363
7108	3583	305
7109	3583	375
7110	3584	375
7111	3584	301
7112	3585	359
7113	3585	344
7114	3585	346
7115	3586	393
7116	3587	323
7117	3587	387
7118	3587	390
7119	3588	339
7120	3588	390
7121	3588	385
7122	3589	339
7123	3589	346
7124	3590	325
7125	3590	386
7126	3591	306
7127	3591	391
7128	3591	348
7129	3592	317
7130	3592	372
7131	3593	386
7132	3593	359
7133	3594	323
7134	3595	384
7135	3595	356
7136	3595	312
7137	3596	351
7138	3597	368
7139	3598	376
7140	3599	362
7141	3599	372
7142	3599	339
7143	3600	397
7144	3600	314
7145	3601	310
7146	3601	303
7147	3602	327
7148	3602	333
7149	3602	357
7150	3603	386
7151	3603	306
7152	3604	317
7153	3604	385
7154	3604	349
7155	3605	358
7156	3606	315
7157	3607	314
7158	3607	370
7159	3608	374
7160	3608	363
7161	3609	323
7162	3609	309
7163	3609	358
7164	3610	346
7165	3610	330
7166	3611	328
7167	3611	333
7168	3611	361
7169	3612	384
7170	3612	337
7171	3613	375
7172	3613	382
7173	3614	395
7174	3615	357
7175	3615	399
7176	3615	368
7177	3616	306
7178	3617	376
7179	3617	353
7180	3617	350
7181	3618	357
7182	3618	379
7183	3619	374
7184	3620	383
7185	3620	366
7186	3621	380
7187	3621	314
7188	3622	336
7189	3623	376
7190	3624	346
7191	3624	358
7192	3625	379
7193	3626	379
7194	3626	384
7195	3627	362
7196	3627	335
7197	3628	386
7198	3628	308
7199	3629	344
7200	3630	379
7201	3630	366
7202	3630	322
7203	3631	301
7204	3631	393
7205	3631	336
7206	3632	372
7207	3632	382
7208	3632	398
7209	3633	343
7210	3633	311
7211	3634	323
7212	3634	341
7213	3635	393
7214	3635	388
7215	3636	360
7216	3637	327
7217	3637	374
7218	3637	381
7219	3638	326
7220	3638	330
7221	3638	301
7222	3639	305
7223	3639	374
7224	3639	337
7225	3640	309
7226	3640	307
7227	3640	359
7228	3641	384
7229	3641	382
7230	3641	373
7231	3642	392
7232	3643	307
7233	3644	317
7234	3644	359
7235	3644	352
7236	3645	333
7237	3645	341
7238	3645	363
7239	3646	359
7240	3647	361
7241	3647	355
7242	3647	377
7243	3648	376
7244	3648	326
7246	3649	351
7247	3650	340
7248	3651	332
7249	3651	339
7250	3651	363
7251	3652	325
7252	3652	354
7253	3653	366
7254	3653	336
7255	3653	391
7256	3654	331
7257	3654	359
7258	3655	310
7259	3655	367
7260	3655	319
7261	3656	359
7262	3656	331
7263	3657	313
7264	3657	318
7265	3657	338
7266	3658	363
7267	3658	367
7268	3658	345
7269	3659	339
7270	3660	315
7271	3661	356
7272	3661	391
7273	3661	333
7274	3662	321
7275	3662	397
7276	3662	342
7277	3663	360
7278	3663	341
7279	3664	393
7280	3664	321
7281	3664	339
7282	3665	318
7283	3665	301
7284	3666	352
7285	3666	372
7286	3667	384
7287	3668	360
7288	3668	384
7289	3668	397
7290	3669	353
7291	3670	380
7292	3670	306
7293	3671	352
7294	3671	328
7295	3672	318
7296	3673	378
7297	3674	393
7298	3674	383
7299	3675	345
7300	3675	316
7301	3675	315
7302	3676	393
7303	3677	389
7304	3677	331
7305	3677	319
7306	3678	392
7307	3678	306
7308	3678	305
7309	3679	325
7310	3679	363
7311	3680	353
7312	3681	373
7313	3681	331
7314	3682	314
7315	3683	383
7316	3683	391
7317	3683	304
7318	3684	324
7319	3684	374
7320	3684	304
7321	3685	344
7322	3686	328
7323	3687	374
7324	3687	360
7325	3687	345
7326	3688	340
7327	3688	355
7328	3688	317
7329	3689	357
7330	3689	369
7331	3690	306
7332	3691	341
7333	3691	344
7334	3691	318
7335	3692	311
7336	3693	388
7337	3693	356
7338	3693	369
7339	3694	334
7340	3694	359
7341	3694	331
7342	3695	356
7343	3695	311
7344	3695	371
7345	3696	342
7346	3696	389
7347	3697	354
7348	3697	376
7349	3698	400
7350	3698	336
7351	3699	336
7352	3699	305
7353	3700	328
7354	3700	347
7355	3701	374
7356	3702	396
7357	3702	305
7358	3703	380
7359	3703	341
7360	3703	356
7361	3704	305
7362	3704	313
7363	3705	352
7364	3705	322
7365	3706	384
7366	3706	369
7367	3706	328
7368	3707	317
7369	3707	365
7370	3708	318
7371	3708	308
7372	3709	383
7373	3710	329
7374	3711	338
7375	3711	350
7376	3711	326
7377	3712	341
7378	3713	352
7379	3713	370
7380	3714	395
7381	3715	400
7382	3715	394
7383	3715	329
7384	3716	330
7385	3717	347
7386	3717	315
7387	3718	317
7388	3719	333
7389	3720	329
7390	3721	310
7391	3721	326
7392	3722	398
7393	3722	323
7394	3723	339
7395	3723	386
7396	3723	377
7397	3724	343
7398	3725	317
7399	3726	376
7400	3726	353
7401	3726	311
7402	3727	319
7403	3728	369
7404	3728	348
7405	3728	342
7406	3729	383
7407	3730	361
7408	3731	335
7409	3731	378
7410	3732	313
7411	3733	327
7412	3733	395
7413	3734	381
7414	3734	325
7415	3735	395
7416	3736	343
7417	3736	393
7418	3737	356
7419	3737	395
7420	3737	384
7421	3738	329
7422	3738	358
7423	3738	301
7424	3739	376
7425	3739	320
7426	3739	331
7427	3740	378
7428	3740	393
7429	3741	327
7430	3741	334
7431	3742	367
7432	3742	392
7433	3742	309
7434	3743	313
7435	3744	311
7436	3744	323
7437	3745	313
7438	3746	336
7439	3746	304
7440	3747	368
7441	3748	303
7442	3748	399
7443	3748	370
7444	3749	396
7445	3749	334
7446	3749	367
7447	3750	379
7448	3751	359
7449	3752	328
7450	3752	327
7451	3752	309
7452	3753	373
7453	3753	315
7454	3754	326
7455	3754	364
7456	3754	328
7457	3755	370
7458	3756	354
7459	3756	315
7460	3757	385
7461	3758	360
7462	3758	343
7463	3758	348
7464	3759	338
7465	3759	364
7466	3759	380
7467	3760	329
7468	3761	317
7469	3761	373
7470	3762	338
7471	3762	350
7472	3763	347
7473	3763	390
7474	3763	366
7475	3764	360
7476	3765	305
7477	3765	317
7478	3766	306
7479	3766	359
7480	3767	379
7481	3767	363
7482	3767	330
7483	3768	377
7484	3768	308
7485	3768	350
7486	3769	367
7487	3769	314
7488	3770	365
7489	3771	375
7490	3772	342
7491	3772	375
7492	3772	316
7493	3773	338
7494	3773	377
7495	3774	327
7496	3775	360
7497	3775	306
7498	3775	323
7499	3776	345
7500	3776	331
7501	3777	338
7502	3777	363
7503	3778	307
7504	3779	392
7505	3780	328
7506	3781	336
7507	3781	328
7508	3782	377
7509	3782	334
7510	3783	302
7511	3783	378
7512	3783	400
7513	3784	305
7514	3785	320
7515	3785	310
7516	3786	328
7517	3786	360
7518	3787	336
7519	3788	358
7520	3788	309
7521	3789	305
7522	3789	334
7523	3789	318
7524	3790	352
7525	3790	333
7526	3791	315
7527	3791	312
7528	3792	311
7529	3792	335
7530	3792	366
7531	3793	382
7532	3793	370
7533	3794	350
7534	3795	314
7535	3795	349
7536	3795	301
7537	3796	391
7538	3797	314
7539	3798	346
7540	3798	322
7541	3798	365
7542	3799	367
7543	3800	335
7544	3800	359
7545	3800	355
7546	3801	389
7547	3802	314
7548	3803	369
7549	3803	349
7550	3804	396
7551	3804	341
7552	3805	355
7553	3805	339
7554	3805	385
7555	3806	347
7556	3806	351
7557	3806	332
7558	3807	308
7559	3808	363
7560	3808	324
7561	3809	357
7562	3809	368
7563	3810	314
7564	3810	354
7565	3810	323
7566	3811	367
7567	3811	348
7568	3812	310
7569	3812	345
7570	3812	397
7571	3813	381
7572	3813	361
7573	3813	366
7574	3814	328
7575	3815	349
7576	3815	328
7577	3815	372
7578	3816	301
7579	3817	399
7580	3817	382
7581	3817	341
7582	3818	382
7583	3818	377
7584	3819	325
7585	3819	337
7586	3820	310
7587	3821	365
7588	3821	389
7589	3822	353
7590	3822	328
7591	3822	315
7592	3823	316
7593	3823	332
7594	3823	328
7595	3824	312
7596	3825	384
7597	3825	321
7598	3825	367
7599	3826	309
7600	3827	372
7601	3827	311
7602	3828	367
7603	3829	313
7604	3829	302
7605	3830	332
7606	3831	302
7607	3832	326
7608	3832	316
7609	3833	379
7610	3833	359
7611	3833	369
7612	3834	376
7613	3834	378
7614	3834	302
7615	3835	392
7616	3836	323
7617	3836	328
7618	3836	308
7619	3837	399
7620	3837	400
7621	3837	352
7622	3838	325
7623	3838	323
7624	3839	334
7625	3839	304
7626	3840	350
7627	3840	333
7629	3841	312
7630	3842	318
7631	3843	345
7632	3843	319
7633	3844	369
7634	3844	377
7635	3844	381
7636	3845	366
7637	3846	335
7638	3846	319
7639	3846	321
7640	3847	315
7641	3847	311
7642	3848	398
7643	3848	377
7644	3849	315
7645	3849	363
7646	3849	305
7647	3850	371
7648	3850	340
7649	3851	370
7650	3851	365
7651	3852	398
7652	3853	332
7653	3853	349
7654	3853	376
7655	3854	341
7656	3855	370
7657	3855	389
7658	3856	330
7659	3857	349
7660	3857	360
7661	3857	340
7662	3858	392
7663	3858	395
7664	3859	353
7665	3860	343
7666	3860	377
7667	3861	370
7668	3861	303
7669	3862	392
7670	3863	331
7671	3863	336
7672	3864	342
7673	3865	347
7674	3866	301
7675	3866	345
7676	3867	379
7677	3868	338
7678	3868	366
7679	3868	395
7680	3869	346
7681	3870	388
7682	3870	301
7683	3870	399
7684	3871	354
7685	3871	311
7686	3871	353
7687	3872	331
7688	3872	341
7689	3873	342
7690	3873	352
7691	3874	383
7692	3875	372
7693	3875	368
7694	3875	302
7695	3876	312
7696	3876	318
7697	3876	393
7698	3877	340
7699	3878	384
7700	3878	385
7701	3878	304
7702	3879	363
7703	3880	313
7704	3880	358
7705	3880	305
7706	3881	380
7707	3881	384
7708	3882	306
7709	3882	305
7710	3882	326
7711	3883	378
7712	3883	349
7713	3884	371
7714	3884	360
7715	3884	345
7716	3885	336
7717	3885	381
7718	3886	343
7719	3887	315
7720	3887	376
7721	3887	372
7722	3888	303
7723	3889	379
7724	3889	316
7725	3889	344
7726	3890	400
7727	3890	304
7728	3890	322
7729	3891	314
7730	3891	333
7731	3892	393
7732	3892	371
7733	3892	326
7734	3893	370
7735	3893	353
7736	3894	397
7737	3894	393
7738	3895	352
7739	3895	400
7740	3896	318
7741	3897	316
7742	3897	313
7743	3898	316
7744	3898	360
7745	3898	338
7746	3899	323
7747	3899	317
7748	3900	359
7749	3900	311
7750	3901	344
7751	3901	303
7752	3901	364
7753	3902	358
7754	3903	316
7755	3904	347
7756	3905	343
7757	3905	394
7758	3905	313
7759	3906	328
7761	3906	364
7762	3907	334
7763	3907	372
7764	3908	399
7765	3908	332
7766	3908	348
7767	3909	394
7768	3910	390
7769	3911	370
7770	3911	366
7771	3912	352
7772	3912	333
7773	3912	329
7774	3913	366
7775	3914	306
7776	3915	339
7777	3915	334
7778	3915	369
7779	3916	367
7780	3916	308
7781	3917	313
7782	3917	354
7783	3918	379
7784	3918	400
7785	3918	395
7786	3919	350
7787	3919	362
7788	3919	390
7789	3920	388
7790	3920	322
7791	3921	319
7792	3922	396
7793	3922	363
7794	3923	381
7795	3924	345
7796	3924	326
7797	3924	315
7798	3925	375
7799	3926	364
7800	3927	383
7801	3928	339
7802	3929	369
7803	3930	396
7804	3930	381
7805	3930	388
7806	3931	369
7807	3931	333
7808	3932	356
7809	3932	342
7810	3932	387
7811	3933	380
7812	3933	378
7813	3933	353
7814	3934	306
7815	3934	356
7816	3934	354
7817	3935	390
7818	3935	337
7819	3935	311
7820	3936	332
7821	3936	382
7822	3936	324
7823	3937	398
7824	3938	377
7825	3939	363
7826	3940	330
7827	3941	370
7828	3941	327
7829	3941	349
7830	3942	332
7831	3943	395
7832	3943	391
7833	3944	351
7834	3944	355
7835	3944	394
7836	3945	382
7837	3945	352
7838	3945	313
7839	3946	313
7840	3946	315
7841	3947	382
7842	3947	308
7843	3947	354
7844	3948	316
7845	3948	378
7846	3949	326
7847	3949	349
7848	3950	333
7849	3951	327
7850	3951	365
7851	3951	354
7852	3952	400
7853	3952	389
7854	3953	328
7855	3954	379
7856	3955	322
7857	3955	370
7858	3956	347
7859	3956	369
7860	3957	320
7861	3957	373
7862	3958	358
7863	3958	348
7864	3959	352
7865	3959	331
7866	3960	319
7867	3960	376
7868	3960	309
7869	3961	394
7870	3961	373
7871	3962	351
7872	3962	340
7873	3963	349
7874	3963	325
7875	3964	342
7876	3964	309
7877	3965	383
7878	3965	367
7879	3966	345
7880	3966	313
7881	3967	394
7882	3967	353
7883	3968	344
7884	3969	313
7885	3969	362
7886	3970	376
7887	3970	337
7888	3971	339
7889	3971	304
7890	3972	381
7891	3972	326
7892	3972	332
7893	3973	325
7894	3973	309
7895	3974	367
7896	3974	303
7897	3975	348
7898	3975	319
7899	3975	315
7900	3976	348
7901	3976	309
7902	3977	313
7903	3977	354
7904	3977	337
7905	3978	336
7906	3978	370
7907	3979	372
7908	3979	383
7909	3980	310
7910	3981	308
7911	3982	330
7912	3982	375
7913	3982	365
7914	3983	369
7915	3983	340
7916	3983	377
7917	3984	394
7918	3984	348
7919	3985	386
7920	3985	333
7921	3985	371
7922	3986	353
7923	3986	316
7924	3987	360
7925	3987	370
7926	3987	346
7927	3988	325
7928	3988	352
7929	3989	368
7930	3989	311
7931	3990	312
7932	3990	332
7933	3991	369
7934	3991	383
7935	3992	322
7936	3992	360
7937	3992	307
7938	3993	393
7939	3994	350
7940	3995	385
7941	3995	320
7942	3995	383
7943	3996	349
7944	3996	303
7945	3997	305
7946	3997	376
7947	3998	396
7948	3999	387
7949	4000	322
7950	4000	341
7951	4000	357
\.


--
-- Data for Name: events_event_project_managers; Type: TABLE DATA; Schema: public; Owner: postgres
--

COPY public.events_event_project_managers (id, event_id, employee_id) FROM stdin;
5013	3001	383
5014	3002	355
5015	3003	358
5016	3004	355
5017	3005	383
5018	3006	383
5019	3007	383
5020	3008	326
5021	3009	358
5022	3010	326
5023	3011	383
5024	3012	355
5025	3013	326
5026	3014	389
5027	3015	389
5028	3016	326
5029	3017	355
5030	3018	383
5031	3019	383
5032	3020	355
5033	3021	389
5034	3022	326
5035	3023	383
5036	3024	383
5037	3025	326
5038	3026	389
5039	3027	389
5040	3028	383
5041	3029	326
5042	3030	358
5043	3031	358
5044	3032	326
5045	3033	326
5046	3034	383
5047	3035	358
5048	3036	355
5049	3037	355
5050	3038	383
5051	3039	358
5052	3040	389
5053	3041	326
5054	3042	326
5055	3043	383
5056	3044	389
5057	3045	358
5058	3046	326
5059	3047	358
5060	3048	326
5061	3049	358
5062	3050	383
5063	3051	358
5064	3052	389
5065	3053	326
5066	3054	358
5067	3055	389
5068	3056	383
5069	3057	389
5070	3058	355
5071	3059	358
5072	3060	383
5073	3061	389
5074	3062	389
5075	3063	389
5076	3064	383
5077	3065	358
5078	3066	383
5079	3067	355
5080	3068	389
5081	3069	389
5082	3070	326
5083	3071	358
5084	3072	358
5085	3073	326
5086	3074	358
5087	3075	358
5088	3076	383
5089	3077	326
5090	3078	355
5091	3079	355
5092	3080	358
5093	3081	389
5094	3082	389
5095	3083	383
5096	3084	358
5097	3085	389
5098	3086	355
5099	3087	355
5100	3088	383
5101	3089	389
5102	3090	326
5103	3091	358
5104	3092	358
5105	3093	326
5106	3094	389
5107	3095	389
5108	3096	358
5109	3097	358
5110	3098	358
5111	3099	358
5112	3100	358
5113	3101	383
5114	3102	358
5115	3103	326
5116	3104	383
5117	3105	389
5118	3106	389
5119	3107	358
5120	3108	389
5121	3109	383
5122	3110	355
5123	3111	389
5124	3112	383
5125	3113	355
5126	3114	389
5127	3115	355
5128	3116	355
5129	3117	358
5130	3118	383
5131	3119	358
5132	3120	355
5133	3121	389
5134	3122	358
5135	3123	326
5136	3124	326
5137	3125	389
5138	3126	383
5139	3127	326
5140	3128	383
5141	3129	326
5142	3130	358
5143	3131	383
5144	3132	326
5145	3133	389
5146	3134	383
5147	3135	358
5148	3136	326
5149	3137	358
5150	3138	358
5151	3139	355
5152	3140	389
5153	3141	358
5154	3142	326
5155	3143	355
5156	3144	389
5157	3145	358
5158	3146	355
5159	3147	326
5160	3148	355
5161	3149	326
5162	3150	358
5163	3151	355
5164	3152	355
5165	3153	355
5166	3154	326
5167	3155	355
5168	3156	389
5169	3157	358
5170	3158	355
5171	3159	383
5172	3160	326
5173	3161	355
5174	3162	326
5175	3163	383
5176	3164	389
5177	3165	383
5178	3166	383
5179	3167	355
5180	3168	358
5181	3169	389
5182	3170	383
5183	3171	383
5184	3172	389
5185	3173	358
5186	3174	355
5187	3175	389
5188	3176	358
5189	3177	389
5190	3178	358
5191	3179	355
5192	3180	389
5193	3181	358
5194	3182	355
5195	3183	326
5196	3184	355
5197	3185	383
5198	3186	389
5199	3187	358
5200	3188	383
5201	3189	389
5202	3190	383
5203	3191	326
5204	3192	355
5205	3193	355
5206	3194	383
5207	3195	358
5208	3196	358
5209	3197	358
5210	3198	326
5211	3199	355
5212	3200	389
5213	3201	358
5214	3202	383
5215	3203	358
5216	3204	358
5217	3205	326
5218	3206	383
5219	3207	326
5220	3208	389
5221	3209	383
5222	3210	355
5223	3211	389
5224	3212	358
5225	3213	326
5226	3214	358
5227	3215	358
5228	3216	358
5229	3217	358
5230	3218	389
5231	3219	389
5232	3220	326
5233	3221	389
5234	3222	358
5235	3223	358
5236	3224	389
5237	3225	326
5238	3226	389
5239	3227	383
5240	3228	389
5241	3229	355
5242	3230	326
5243	3231	358
5244	3232	355
5245	3233	358
5246	3234	358
5247	3235	358
5248	3236	326
5249	3237	389
5250	3238	389
5251	3239	389
5252	3240	358
5253	3241	389
5254	3242	358
5255	3243	389
5256	3244	326
5257	3245	358
5258	3246	383
5259	3247	326
5260	3248	355
5261	3249	389
5262	3250	355
5263	3251	389
5264	3252	358
5265	3253	389
5266	3254	389
5267	3255	358
5268	3256	326
5269	3257	383
5270	3258	358
5271	3259	383
5272	3260	326
5273	3261	389
5274	3262	358
5275	3263	383
5276	3264	358
5277	3265	355
5278	3266	355
5279	3267	355
5280	3268	358
5281	3269	389
5282	3270	355
5283	3271	355
5284	3272	358
5285	3273	326
5286	3274	355
5287	3275	326
5288	3276	355
5289	3277	383
5290	3278	358
5291	3279	355
5292	3280	326
5293	3281	358
5294	3282	326
5295	3283	389
5296	3284	383
5297	3285	326
5298	3286	326
5299	3287	326
5300	3288	358
5301	3289	389
5302	3290	355
5303	3291	326
5304	3292	383
5305	3293	355
5306	3294	383
5307	3295	326
5308	3296	358
5309	3297	383
5310	3298	355
5311	3299	355
5312	3300	355
5313	3301	358
5314	3302	355
5315	3303	326
5316	3304	358
5317	3305	355
5318	3306	383
5319	3307	355
5320	3308	389
5321	3309	383
5322	3310	389
5323	3311	358
5324	3312	383
5325	3313	355
5326	3314	358
5327	3315	358
5328	3316	358
5329	3317	389
5330	3318	355
5331	3319	355
5332	3320	355
5333	3321	389
5334	3322	358
5335	3323	355
5336	3324	383
5337	3325	326
5338	3326	326
5339	3327	383
5340	3328	326
5341	3329	326
5342	3330	358
5343	3331	358
5344	3332	383
5345	3333	383
5346	3334	389
5347	3335	326
5348	3336	326
5349	3337	358
5350	3338	389
5351	3339	389
5352	3340	355
5353	3341	326
5354	3342	355
5355	3343	326
5356	3344	383
5357	3345	383
5358	3346	358
5359	3347	383
5360	3348	326
5361	3349	358
5362	3350	389
5363	3351	326
5364	3352	326
5365	3353	326
5366	3354	383
5367	3355	389
5368	3356	383
5369	3357	358
5370	3358	358
5371	3359	355
5372	3360	389
5373	3361	355
5374	3362	389
5375	3363	358
5376	3364	383
5377	3365	326
5378	3366	358
5379	3367	355
5380	3368	358
5381	3369	389
5382	3370	389
5383	3371	355
5384	3372	355
5385	3373	389
5386	3374	358
5387	3375	326
5388	3376	389
5389	3377	326
5390	3378	358
5391	3379	326
5392	3380	389
5393	3381	326
5394	3382	383
5395	3383	383
5396	3384	355
5397	3385	383
5398	3386	326
5399	3387	383
5400	3388	358
5401	3389	355
5402	3390	358
5403	3391	358
5404	3392	326
5405	3393	389
5406	3394	326
5407	3395	389
5408	3396	383
5409	3397	389
5410	3398	355
5411	3399	383
5412	3400	358
5413	3401	383
5414	3402	358
5415	3403	383
5416	3404	389
5417	3405	389
5418	3406	383
5419	3407	326
5420	3408	358
5421	3409	326
5422	3410	355
5423	3411	383
5424	3412	383
5425	3413	389
5426	3414	389
5427	3415	383
5428	3416	389
5429	3417	383
5430	3418	355
5431	3419	326
5432	3420	383
5433	3421	389
5434	3422	355
5435	3423	389
5436	3424	326
5437	3425	389
5438	3426	383
5439	3427	355
5440	3428	383
5441	3429	358
5442	3430	383
5443	3431	326
5444	3432	326
5445	3433	355
5446	3434	326
5447	3435	389
5448	3436	355
5449	3437	326
5450	3438	326
5451	3439	383
5452	3440	389
5453	3441	358
5454	3442	355
5455	3443	355
5456	3444	326
5457	3445	358
5458	3446	383
5459	3447	383
5460	3448	326
5461	3449	389
5462	3450	383
5463	3451	358
5464	3452	355
5465	3453	389
5466	3454	326
5467	3455	358
5468	3456	358
5469	3457	358
5470	3458	326
5471	3459	326
5472	3460	358
5473	3461	383
5474	3462	389
5475	3463	355
5476	3464	383
5477	3465	383
5478	3466	326
5479	3467	355
5480	3468	355
5481	3469	355
5482	3470	326
5483	3471	389
5484	3472	383
5485	3473	355
5486	3474	358
5487	3475	383
5488	3476	383
5489	3477	383
5490	3478	358
5491	3479	326
5492	3480	383
5493	3481	326
5494	3482	355
5495	3483	355
5496	3484	358
5497	3485	326
5498	3486	326
5499	3487	355
5500	3488	326
5501	3489	383
5502	3490	383
5503	3491	358
5504	3492	358
5505	3493	326
5506	3494	383
5507	3495	383
5508	3496	326
5509	3497	355
5510	3498	326
5511	3499	389
5512	3500	326
5513	3501	326
5514	3502	326
5515	3503	389
5516	3504	355
5517	3505	326
5518	3506	326
5519	3507	389
5520	3508	358
5521	3509	358
5522	3510	358
5523	3511	358
5524	3512	383
5525	3513	383
5526	3514	383
5527	3515	389
5528	3516	355
5529	3517	358
5530	3518	389
5531	3519	355
5532	3520	355
5533	3521	389
5534	3522	389
5535	3523	389
5536	3524	358
5537	3525	326
5538	3526	355
5539	3527	383
5540	3528	389
5541	3529	326
5542	3530	326
5543	3531	355
5544	3532	355
5545	3533	389
5546	3534	389
5547	3535	389
5548	3536	383
5549	3537	383
5550	3538	383
5551	3539	358
5552	3540	326
5553	3541	326
5554	3542	358
5555	3543	383
5556	3544	383
5557	3545	326
5558	3546	383
5559	3547	383
5560	3548	355
5561	3549	355
5562	3550	358
5563	3551	358
5564	3552	383
5565	3553	355
5566	3554	358
5567	3555	383
5568	3556	355
5569	3557	355
5570	3558	389
5571	3559	389
5572	3560	389
5573	3561	383
5574	3562	389
5575	3563	358
5576	3564	355
5577	3565	358
5578	3566	383
5579	3567	358
5580	3568	389
5581	3569	383
5582	3570	358
5583	3571	389
5584	3572	383
5585	3573	326
5586	3574	383
5587	3575	389
5588	3576	326
5589	3577	389
5590	3578	389
5591	3579	326
5592	3580	326
5593	3581	383
5594	3582	326
5595	3583	358
5596	3584	383
5597	3585	358
5598	3586	383
5599	3587	389
5600	3588	355
5601	3589	326
5602	3590	383
5603	3591	383
5604	3592	389
5605	3593	389
5606	3594	383
5607	3595	326
5608	3596	358
5609	3597	389
5610	3598	383
5611	3599	358
5612	3600	358
5613	3601	383
5614	3602	389
5615	3603	383
5616	3604	383
5617	3605	389
5618	3606	358
5619	3607	355
5620	3608	383
5621	3609	358
5622	3610	383
5623	3611	358
5624	3612	358
5625	3613	326
5626	3614	358
5627	3615	358
5628	3616	355
5629	3617	383
5630	3618	355
5631	3619	383
5632	3620	355
5633	3621	383
5634	3622	389
5635	3623	383
5636	3624	389
5637	3625	355
5638	3626	358
5639	3627	355
5640	3628	326
5641	3629	355
5642	3630	389
5643	3631	358
5644	3632	389
5645	3633	389
5646	3634	358
5647	3635	383
5648	3636	389
5649	3637	358
5650	3638	326
5651	3639	326
5652	3640	358
5653	3641	389
5654	3642	383
5655	3643	389
5656	3644	389
5657	3645	355
5658	3646	326
5659	3647	355
5660	3648	355
5661	3649	358
5662	3650	358
5663	3651	358
5664	3652	326
5665	3653	355
5666	3654	383
5667	3655	358
5668	3656	383
5669	3657	326
5670	3658	389
5671	3659	383
5672	3660	383
5673	3661	358
5674	3662	389
5675	3663	389
5676	3664	358
5677	3665	326
5678	3666	326
5679	3667	326
5680	3668	358
5681	3669	358
5682	3670	358
5683	3671	326
5684	3672	355
5685	3673	358
5686	3674	358
5687	3675	389
5688	3676	326
5689	3677	326
5690	3678	326
5691	3679	358
5692	3680	383
5693	3681	383
5694	3682	326
5695	3683	326
5696	3684	389
5697	3685	383
5698	3686	389
5699	3687	389
5700	3688	389
5701	3689	326
5702	3690	383
5703	3691	326
5704	3692	383
5705	3693	355
5706	3694	389
5707	3695	358
5708	3696	355
5709	3697	383
5710	3698	355
5711	3699	383
5712	3700	358
5713	3701	383
5714	3702	358
5715	3703	355
5716	3704	355
5717	3705	326
5718	3706	326
5719	3707	389
5720	3708	389
5721	3709	389
5722	3710	326
5723	3711	326
5724	3712	383
5725	3713	326
5726	3714	326
5727	3715	358
5728	3716	326
5729	3717	358
5730	3718	355
5731	3719	326
5732	3720	389
5733	3721	355
5734	3722	389
5735	3723	358
5736	3724	389
5737	3725	389
5738	3726	389
5739	3727	389
5740	3728	326
5741	3729	358
5742	3730	389
5743	3731	326
5744	3732	355
5745	3733	355
5746	3734	389
5747	3735	383
5748	3736	389
5749	3737	383
5750	3738	326
5751	3739	389
5752	3740	389
5753	3741	383
5754	3742	358
5755	3743	326
5756	3744	355
5757	3745	326
5758	3746	355
5759	3747	383
5760	3748	326
5761	3749	358
5762	3750	355
5763	3751	358
5764	3752	358
5765	3753	355
5766	3754	389
5767	3755	358
5768	3756	326
5769	3757	358
5770	3758	389
5771	3759	383
5772	3760	389
5773	3761	389
5774	3762	355
5775	3763	326
5776	3764	383
5777	3765	383
5778	3766	355
5779	3767	383
5780	3768	389
5781	3769	358
5782	3770	326
5783	3771	383
5784	3772	326
5785	3773	326
5786	3774	389
5787	3775	358
5788	3776	383
5789	3777	389
5790	3778	389
5791	3779	326
5792	3780	355
5793	3781	358
5794	3782	326
5795	3783	326
5796	3784	326
5797	3785	389
5798	3786	355
5799	3787	383
5800	3788	358
5801	3789	383
5802	3790	358
5803	3791	358
5804	3792	389
5805	3793	389
5806	3794	326
5807	3795	383
5808	3796	326
5809	3797	355
5810	3798	389
5811	3799	326
5812	3800	358
5813	3801	326
5814	3802	383
5815	3803	355
5816	3804	383
5817	3805	389
5818	3806	326
5819	3807	383
5820	3808	383
5821	3809	326
5822	3810	326
5823	3811	389
5824	3812	358
5825	3813	389
5826	3814	326
5827	3815	389
5828	3816	389
5829	3817	355
5830	3818	355
5831	3819	355
5832	3820	358
5833	3821	326
5834	3822	326
5835	3823	383
5836	3824	326
5837	3825	358
5838	3826	358
5839	3827	326
5840	3828	389
5841	3829	383
5842	3830	383
5843	3831	383
5844	3832	389
5845	3833	389
5846	3834	355
5847	3835	358
5848	3836	355
5849	3837	355
5850	3838	383
5851	3839	358
5852	3840	383
5853	3841	358
5854	3842	383
5855	3843	355
5856	3844	389
5857	3845	326
5858	3846	358
5859	3847	389
5860	3848	383
5861	3849	326
5862	3850	389
5863	3851	383
5864	3852	355
5865	3853	383
5866	3854	383
5867	3855	326
5868	3856	383
5869	3857	383
5870	3858	383
5871	3859	326
5872	3860	383
5873	3861	383
5874	3862	355
5875	3863	326
5876	3864	389
5877	3865	389
5878	3866	326
5879	3867	355
5880	3868	358
5881	3869	383
5882	3870	389
5883	3871	389
5884	3872	383
5885	3873	326
5886	3874	355
5887	3875	383
5888	3876	326
5889	3877	383
5890	3878	389
5891	3879	389
5892	3880	355
5893	3881	358
5894	3882	326
5895	3883	355
5896	3884	389
5897	3885	326
5898	3886	389
5899	3887	326
5900	3888	326
5901	3889	358
5902	3890	383
5903	3891	355
5904	3892	355
5905	3893	389
5906	3894	326
5907	3895	326
5908	3896	355
5909	3897	355
5910	3898	326
5911	3899	383
5912	3900	358
5913	3901	355
5914	3902	383
5915	3903	389
5916	3904	358
5917	3905	326
5918	3906	358
5919	3907	355
5920	3908	358
5921	3909	389
5922	3910	358
5923	3911	383
5924	3912	358
5925	3913	389
5926	3914	326
5927	3915	383
5928	3916	355
5929	3917	355
5930	3918	355
5931	3919	326
5932	3920	389
5933	3921	389
5934	3922	355
5935	3923	358
5936	3924	389
5937	3925	326
5938	3926	355
5939	3927	389
5940	3928	389
5941	3929	389
5942	3930	355
5943	3931	326
5944	3932	358
5945	3933	389
5946	3934	326
5947	3935	389
5948	3936	358
5949	3937	355
5950	3938	355
5951	3939	358
5952	3940	326
5953	3941	358
5954	3942	358
5955	3943	355
5956	3944	383
5957	3945	358
5958	3946	358
5959	3947	358
5960	3948	389
5961	3949	383
5962	3950	389
5963	3951	358
5964	3952	389
5965	3953	355
5966	3954	358
5967	3955	355
5968	3956	358
5969	3957	326
5970	3958	389
5971	3959	355
5972	3960	383
5973	3961	383
5974	3962	358
5975	3963	326
5976	3964	358
5977	3965	355
5978	3966	383
5979	3967	355
5980	3968	355
5981	3969	383
5982	3970	326
5983	3971	383
5984	3972	389
5985	3973	355
5986	3974	383
5987	3975	389
5988	3976	355
5989	3977	383
5990	3978	389
5991	3979	326
5992	3980	355
5993	3981	355
5994	3982	355
5995	3983	355
5996	3984	383
5997	3985	355
5998	3986	383
5999	3987	358
6000	3988	326
6001	3989	358
6002	3990	389
6003	3991	383
6004	3992	358
6005	3993	326
6006	3994	358
6007	3995	389
6008	3996	326
6009	3997	355
6010	3998	383
6011	3999	358
6012	4000	389
\.


--
-- Data for Name: events_place; Type: TABLE DATA; Schema: public; Owner: postgres
--

COPY public.events_place (id, name, address, e_mail) FROM stdin;
101	Parkowa	al. Ludowa 878\n26-785 Tychy	kalina44@example.com
102	Duga	al. Tulipanowa 22/54\n17-326 Nowa Ruda	jkijas@example.org
103	Widok	ulica Zielona 87/18\n52-903 Lbork	godziszmonika@example.com
104	Tczowa	pl. Podgrna 83\n77-380 Racibrz	turonnikodem@example.org
105	Krucza	ulica Kwiatowa 67/34\n58-655 Ruda lska	orkiszkazimierz@example.org
106	Swierkowa	al. Kowalska 387\n84-127 Dbrowa Grnicza	eliza52@example.com
107	Wyszyskiego	plac Ksiycowa 809\n48-681 Mawa	oskarbarszczak@example.net
108	Wrzosowa	ulica Krzywa 75\n86-132 Gogw	wojciechflasza@example.com
109	Swierkowa	pl. Gogowa 000\n71-730 Dbrowa Grnicza	mgroth@example.net
110	Chopina	pl. Nadrzeczna 808\n88-986 Ostrw Mazowiecka	lukaszbielen@example.net
111	Odrzaska	pl. Gajowa 60\n22-471 ukw	ydytko@example.net
112	Spokojna	ul. Konopnickiej 03/44\n88-259 Kwidzyn	vrycerz@example.net
113	Floriana	plac Poudniowa 40/22\n71-205 Lbork	ldoktor@example.net
114	Krasiskiego	ul. Agrestowa 676\n79-318 Pszczyna	dagmara91@example.com
115	Krzywa	plac Chopina 139\n30-508 Goleniw	nelagwara@example.com
116	Sawickiej	aleja Strumykowa 35\n05-002 Starogard Gdaski	dorota17@example.com
117	Kocielna	aleja Grna 96/75\n62-952 Starogard Gdaski	pmucko@example.net
118	Rzeczna	plac Okrna 78/02\n89-054 aga	aureliahonkisz@example.org
119	Wilcza	ulica Grna 60\n06-424 Wabrzych	baczkiewiczjulian@example.net
120	Zakole	ul. Dolna 837\n76-857 Sosnowiec	wyrwaliwo@example.com
121	Plater	plac Olchowa 07/75\n28-400 Bolesawiec	aurelia08@example.org
122	Bursztynowa	plac Wiatraczna 11\n89-774 Giycko	przekopbianka@example.org
123	Wsplna	al. Norwida 35\n45-933 oma	xkohnke@example.org
124	Zakole	ulica Orla 77\n72-924 ukw	skonieczkamalwina@example.com
125	Skrajna	plac Kalinowa 34/72\n81-620 Owicim	gwydmuch@example.org
126	Kwiatowa	pl. Hutnicza 286\n37-223 ukw	rsmorag@example.org
127	Kamienna	plac Grabowa 84\n41-043 Jaso	saragryska@example.org
128	Rumiankowa	aleja Krasickiego 598\n19-517 Kutno	bruno16@example.com
129	Jana III Sobieskiego	ul. Dugosza 648\n78-904 oma	filip17@example.com
130	Mostowa	ulica Jana Pawa II 420\n12-512 Sieradz	urszuladolega@example.com
131	wierczewskiego	aleja Spokojna 95\n55-862 Malbork	kalinabiesek@example.net
132	Fabryczna	plac Jarzbinowa 10\n68-906 Kluczbork	anastazjataczala@example.com
133	Batycka	al. Mokra 04\n96-664 Legnica	domonkalina@example.com
134	Urocza	pl. Targowa 89/01\n57-230 Czerwionka-Leszczyny	ymikus@example.net
135	Wizowa	ulica Sportowa 99\n17-983 Lublin	aleks22@example.com
136	Gogowa	aleja Armii Krajowej 06\n15-326 Swarzdz	agnieszkaczosnyka@example.org
137	Grska	ul. Zwycistwa 64\n94-357 Ek	olaf87@example.net
138	Lotnicza	aleja Jana Sobieskiego 679\n60-974 Chrzanw	liwiapowala@example.com
139	Sowackiego	plac Liliowa 89/86\n10-891 Puawy	mszlaga@example.org
140	Kraszewskiego	plac Cyprysowa 621\n42-370 Lubin	gabriellys@example.org
141	Ciasna	al. Borwkowa 48\n42-165 yrardw	roksanakowalowka@example.net
142	Liliowa	al. czna 58\n97-708 Czerwionka-Leszczyny	jankopa@example.com
143	Waowa	plac Gogowa 91/42\n78-702 Wodzisaw lski	nykeliza@example.net
144	Jastrzbia	pl. Pnocna 477\n15-453 Turek	jkozien@example.org
145	Skargi	pl. Zacisze 63/92\n41-142 Malbork	tomaszkurtyka@example.net
146	Sokola	plac Bankowa 28\n46-226 Inowrocaw	mikolaj89@example.com
147	Sowackiego	aleja Spokojna 367\n18-158 Gdask	stanislaw22@example.org
148	Rejtana	plac Glwna 81/22\n42-297 Opole	maksymilian21@example.com
149	Nowowiejska	al. Przechodnia 330\n49-175 yrardw	nmielke@example.com
150	Jesionowa	aleja Spacerowa 47\n50-444 Zielona Gra	solarczykjuliusz@example.org
\.


--
-- Name: admin_interface_theme_id_seq; Type: SEQUENCE SET; Schema: public; Owner: postgres
--

SELECT pg_catalog.setval('public.admin_interface_theme_id_seq', 2, true);


--
-- Name: auth_group_id_seq; Type: SEQUENCE SET; Schema: public; Owner: postgres
--

SELECT pg_catalog.setval('public.auth_group_id_seq', 1, false);


--
-- Name: auth_group_permissions_id_seq; Type: SEQUENCE SET; Schema: public; Owner: postgres
--

SELECT pg_catalog.setval('public.auth_group_permissions_id_seq', 1, false);


--
-- Name: auth_permission_id_seq; Type: SEQUENCE SET; Schema: public; Owner: postgres
--

SELECT pg_catalog.setval('public.auth_permission_id_seq', 48, true);


--
-- Name: auth_user_groups_id_seq; Type: SEQUENCE SET; Schema: public; Owner: postgres
--

SELECT pg_catalog.setval('public.auth_user_groups_id_seq', 1, false);


--
-- Name: auth_user_id_seq; Type: SEQUENCE SET; Schema: public; Owner: postgres
--

SELECT pg_catalog.setval('public.auth_user_id_seq', 1, true);


--
-- Name: auth_user_user_permissions_id_seq; Type: SEQUENCE SET; Schema: public; Owner: postgres
--

SELECT pg_catalog.setval('public.auth_user_user_permissions_id_seq', 1, false);


--
-- Name: django_admin_log_id_seq; Type: SEQUENCE SET; Schema: public; Owner: postgres
--

SELECT pg_catalog.setval('public.django_admin_log_id_seq', 13, true);


--
-- Name: django_content_type_id_seq; Type: SEQUENCE SET; Schema: public; Owner: postgres
--

SELECT pg_catalog.setval('public.django_content_type_id_seq', 12, true);


--
-- Name: django_migrations_id_seq; Type: SEQUENCE SET; Schema: public; Owner: postgres
--

SELECT pg_catalog.setval('public.django_migrations_id_seq', 50, true);


--
-- Name: events_assignment_id_seq; Type: SEQUENCE SET; Schema: public; Owner: postgres
--

SELECT pg_catalog.setval('public.events_assignment_id_seq', 11909, true);


--
-- Name: events_client_id_seq; Type: SEQUENCE SET; Schema: public; Owner: postgres
--

SELECT pg_catalog.setval('public.events_client_id_seq', 400, true);


--
-- Name: events_employee_id_seq; Type: SEQUENCE SET; Schema: public; Owner: postgres
--

SELECT pg_catalog.setval('public.events_employee_id_seq', 400, true);


--
-- Name: events_event_clients_id_seq; Type: SEQUENCE SET; Schema: public; Owner: postgres
--

SELECT pg_catalog.setval('public.events_event_clients_id_seq', 7951, true);


--
-- Name: events_event_id_seq; Type: SEQUENCE SET; Schema: public; Owner: postgres
--

SELECT pg_catalog.setval('public.events_event_id_seq', 4000, true);


--
-- Name: events_event_project_managers_id_seq; Type: SEQUENCE SET; Schema: public; Owner: postgres
--

SELECT pg_catalog.setval('public.events_event_project_managers_id_seq', 6012, true);


--
-- Name: events_place_id_seq; Type: SEQUENCE SET; Schema: public; Owner: postgres
--

SELECT pg_catalog.setval('public.events_place_id_seq', 150, true);


--
-- Name: admin_interface_theme admin_interface_theme_name_30bda70f_uniq; Type: CONSTRAINT; Schema: public; Owner: postgres
--

ALTER TABLE ONLY public.admin_interface_theme
    ADD CONSTRAINT admin_interface_theme_name_30bda70f_uniq UNIQUE (name);


--
-- Name: admin_interface_theme admin_interface_theme_pkey; Type: CONSTRAINT; Schema: public; Owner: postgres
--

ALTER TABLE ONLY public.admin_interface_theme
    ADD CONSTRAINT admin_interface_theme_pkey PRIMARY KEY (id);


--
-- Name: auth_group auth_group_name_key; Type: CONSTRAINT; Schema: public; Owner: postgres
--

ALTER TABLE ONLY public.auth_group
    ADD CONSTRAINT auth_group_name_key UNIQUE (name);


--
-- Name: auth_group_permissions auth_group_permissions_group_id_permission_id_0cd325b0_uniq; Type: CONSTRAINT; Schema: public; Owner: postgres
--

ALTER TABLE ONLY public.auth_group_permissions
    ADD CONSTRAINT auth_group_permissions_group_id_permission_id_0cd325b0_uniq UNIQUE (group_id, permission_id);


--
-- Name: auth_group_permissions auth_group_permissions_pkey; Type: CONSTRAINT; Schema: public; Owner: postgres
--

ALTER TABLE ONLY public.auth_group_permissions
    ADD CONSTRAINT auth_group_permissions_pkey PRIMARY KEY (id);


--
-- Name: auth_group auth_group_pkey; Type: CONSTRAINT; Schema: public; Owner: postgres
--

ALTER TABLE ONLY public.auth_group
    ADD CONSTRAINT auth_group_pkey PRIMARY KEY (id);


--
-- Name: auth_permission auth_permission_content_type_id_codename_01ab375a_uniq; Type: CONSTRAINT; Schema: public; Owner: postgres
--

ALTER TABLE ONLY public.auth_permission
    ADD CONSTRAINT auth_permission_content_type_id_codename_01ab375a_uniq UNIQUE (content_type_id, codename);


--
-- Name: auth_permission auth_permission_pkey; Type: CONSTRAINT; Schema: public; Owner: postgres
--

ALTER TABLE ONLY public.auth_permission
    ADD CONSTRAINT auth_permission_pkey PRIMARY KEY (id);


--
-- Name: auth_user_groups auth_user_groups_pkey; Type: CONSTRAINT; Schema: public; Owner: postgres
--

ALTER TABLE ONLY public.auth_user_groups
    ADD CONSTRAINT auth_user_groups_pkey PRIMARY KEY (id);


--
-- Name: auth_user_groups auth_user_groups_user_id_group_id_94350c0c_uniq; Type: CONSTRAINT; Schema: public; Owner: postgres
--

ALTER TABLE ONLY public.auth_user_groups
    ADD CONSTRAINT auth_user_groups_user_id_group_id_94350c0c_uniq UNIQUE (user_id, group_id);


--
-- Name: auth_user auth_user_pkey; Type: CONSTRAINT; Schema: public; Owner: postgres
--

ALTER TABLE ONLY public.auth_user
    ADD CONSTRAINT auth_user_pkey PRIMARY KEY (id);


--
-- Name: auth_user_user_permissions auth_user_user_permissions_pkey; Type: CONSTRAINT; Schema: public; Owner: postgres
--

ALTER TABLE ONLY public.auth_user_user_permissions
    ADD CONSTRAINT auth_user_user_permissions_pkey PRIMARY KEY (id);


--
-- Name: auth_user_user_permissions auth_user_user_permissions_user_id_permission_id_14a6b632_uniq; Type: CONSTRAINT; Schema: public; Owner: postgres
--

ALTER TABLE ONLY public.auth_user_user_permissions
    ADD CONSTRAINT auth_user_user_permissions_user_id_permission_id_14a6b632_uniq UNIQUE (user_id, permission_id);


--
-- Name: auth_user auth_user_username_key; Type: CONSTRAINT; Schema: public; Owner: postgres
--

ALTER TABLE ONLY public.auth_user
    ADD CONSTRAINT auth_user_username_key UNIQUE (username);


--
-- Name: django_admin_log django_admin_log_pkey; Type: CONSTRAINT; Schema: public; Owner: postgres
--

ALTER TABLE ONLY public.django_admin_log
    ADD CONSTRAINT django_admin_log_pkey PRIMARY KEY (id);


--
-- Name: django_content_type django_content_type_app_label_model_76bd3d3b_uniq; Type: CONSTRAINT; Schema: public; Owner: postgres
--

ALTER TABLE ONLY public.django_content_type
    ADD CONSTRAINT django_content_type_app_label_model_76bd3d3b_uniq UNIQUE (app_label, model);


--
-- Name: django_content_type django_content_type_pkey; Type: CONSTRAINT; Schema: public; Owner: postgres
--

ALTER TABLE ONLY public.django_content_type
    ADD CONSTRAINT django_content_type_pkey PRIMARY KEY (id);


--
-- Name: django_migrations django_migrations_pkey; Type: CONSTRAINT; Schema: public; Owner: postgres
--

ALTER TABLE ONLY public.django_migrations
    ADD CONSTRAINT django_migrations_pkey PRIMARY KEY (id);


--
-- Name: django_session django_session_pkey; Type: CONSTRAINT; Schema: public; Owner: postgres
--

ALTER TABLE ONLY public.django_session
    ADD CONSTRAINT django_session_pkey PRIMARY KEY (session_key);


--
-- Name: events_assignment events_assignment_pkey; Type: CONSTRAINT; Schema: public; Owner: postgres
--

ALTER TABLE ONLY public.events_assignment
    ADD CONSTRAINT events_assignment_pkey PRIMARY KEY (id);


--
-- Name: events_client events_client_pkey; Type: CONSTRAINT; Schema: public; Owner: postgres
--

ALTER TABLE ONLY public.events_client
    ADD CONSTRAINT events_client_pkey PRIMARY KEY (id);


--
-- Name: events_employee events_employee_pkey; Type: CONSTRAINT; Schema: public; Owner: postgres
--

ALTER TABLE ONLY public.events_employee
    ADD CONSTRAINT events_employee_pkey PRIMARY KEY (id);


--
-- Name: events_event_clients events_event_clients_event_id_client_id_cd8c391d_uniq; Type: CONSTRAINT; Schema: public; Owner: postgres
--

ALTER TABLE ONLY public.events_event_clients
    ADD CONSTRAINT events_event_clients_event_id_client_id_cd8c391d_uniq UNIQUE (event_id, client_id);


--
-- Name: events_event_clients events_event_clients_pkey; Type: CONSTRAINT; Schema: public; Owner: postgres
--

ALTER TABLE ONLY public.events_event_clients
    ADD CONSTRAINT events_event_clients_pkey PRIMARY KEY (id);


--
-- Name: events_event events_event_pkey; Type: CONSTRAINT; Schema: public; Owner: postgres
--

ALTER TABLE ONLY public.events_event
    ADD CONSTRAINT events_event_pkey PRIMARY KEY (id);


--
-- Name: events_event_project_managers events_event_project_man_event_id_employee_id_f4f80c83_uniq; Type: CONSTRAINT; Schema: public; Owner: postgres
--

ALTER TABLE ONLY public.events_event_project_managers
    ADD CONSTRAINT events_event_project_man_event_id_employee_id_f4f80c83_uniq UNIQUE (event_id, employee_id);


--
-- Name: events_event_project_managers events_event_project_managers_pkey; Type: CONSTRAINT; Schema: public; Owner: postgres
--

ALTER TABLE ONLY public.events_event_project_managers
    ADD CONSTRAINT events_event_project_managers_pkey PRIMARY KEY (id);


--
-- Name: events_place events_place_pkey; Type: CONSTRAINT; Schema: public; Owner: postgres
--

ALTER TABLE ONLY public.events_place
    ADD CONSTRAINT events_place_pkey PRIMARY KEY (id);


--
-- Name: admin_interface_theme_name_30bda70f_like; Type: INDEX; Schema: public; Owner: postgres
--

CREATE INDEX admin_interface_theme_name_30bda70f_like ON public.admin_interface_theme USING btree (name varchar_pattern_ops);


--
-- Name: auth_group_name_a6ea08ec_like; Type: INDEX; Schema: public; Owner: postgres
--

CREATE INDEX auth_group_name_a6ea08ec_like ON public.auth_group USING btree (name varchar_pattern_ops);


--
-- Name: auth_group_permissions_group_id_b120cbf9; Type: INDEX; Schema: public; Owner: postgres
--

CREATE INDEX auth_group_permissions_group_id_b120cbf9 ON public.auth_group_permissions USING btree (group_id);


--
-- Name: auth_group_permissions_permission_id_84c5c92e; Type: INDEX; Schema: public; Owner: postgres
--

CREATE INDEX auth_group_permissions_permission_id_84c5c92e ON public.auth_group_permissions USING btree (permission_id);


--
-- Name: auth_permission_content_type_id_2f476e4b; Type: INDEX; Schema: public; Owner: postgres
--

CREATE INDEX auth_permission_content_type_id_2f476e4b ON public.auth_permission USING btree (content_type_id);


--
-- Name: auth_user_groups_group_id_97559544; Type: INDEX; Schema: public; Owner: postgres
--

CREATE INDEX auth_user_groups_group_id_97559544 ON public.auth_user_groups USING btree (group_id);


--
-- Name: auth_user_groups_user_id_6a12ed8b; Type: INDEX; Schema: public; Owner: postgres
--

CREATE INDEX auth_user_groups_user_id_6a12ed8b ON public.auth_user_groups USING btree (user_id);


--
-- Name: auth_user_user_permissions_permission_id_1fbb5f2c; Type: INDEX; Schema: public; Owner: postgres
--

CREATE INDEX auth_user_user_permissions_permission_id_1fbb5f2c ON public.auth_user_user_permissions USING btree (permission_id);


--
-- Name: auth_user_user_permissions_user_id_a95ead1b; Type: INDEX; Schema: public; Owner: postgres
--

CREATE INDEX auth_user_user_permissions_user_id_a95ead1b ON public.auth_user_user_permissions USING btree (user_id);


--
-- Name: auth_user_username_6821ab7c_like; Type: INDEX; Schema: public; Owner: postgres
--

CREATE INDEX auth_user_username_6821ab7c_like ON public.auth_user USING btree (username varchar_pattern_ops);


--
-- Name: django_admin_log_content_type_id_c4bce8eb; Type: INDEX; Schema: public; Owner: postgres
--

CREATE INDEX django_admin_log_content_type_id_c4bce8eb ON public.django_admin_log USING btree (content_type_id);


--
-- Name: django_admin_log_user_id_c564eba6; Type: INDEX; Schema: public; Owner: postgres
--

CREATE INDEX django_admin_log_user_id_c564eba6 ON public.django_admin_log USING btree (user_id);


--
-- Name: django_session_expire_date_a5c62663; Type: INDEX; Schema: public; Owner: postgres
--

CREATE INDEX django_session_expire_date_a5c62663 ON public.django_session USING btree (expire_date);


--
-- Name: django_session_session_key_c0390e0f_like; Type: INDEX; Schema: public; Owner: postgres
--

CREATE INDEX django_session_session_key_c0390e0f_like ON public.django_session USING btree (session_key varchar_pattern_ops);


--
-- Name: events_assignment_client_id_70c772af; Type: INDEX; Schema: public; Owner: postgres
--

CREATE INDEX events_assignment_client_id_70c772af ON public.events_assignment USING btree (client_id);


--
-- Name: events_assignment_employee_id_6fbc0ccf; Type: INDEX; Schema: public; Owner: postgres
--

CREATE INDEX events_assignment_employee_id_6fbc0ccf ON public.events_assignment USING btree (employee_id);


--
-- Name: events_assignment_event_id_082e2223; Type: INDEX; Schema: public; Owner: postgres
--

CREATE INDEX events_assignment_event_id_082e2223 ON public.events_assignment USING btree (event_id);


--
-- Name: events_event_clients_client_id_9d0a9de3; Type: INDEX; Schema: public; Owner: postgres
--

CREATE INDEX events_event_clients_client_id_9d0a9de3 ON public.events_event_clients USING btree (client_id);


--
-- Name: events_event_clients_event_id_964b51f9; Type: INDEX; Schema: public; Owner: postgres
--

CREATE INDEX events_event_clients_event_id_964b51f9 ON public.events_event_clients USING btree (event_id);


--
-- Name: events_event_place_id_61ecc581; Type: INDEX; Schema: public; Owner: postgres
--

CREATE INDEX events_event_place_id_61ecc581 ON public.events_event USING btree (place_id);


--
-- Name: events_event_project_managers_employee_id_aee9a470; Type: INDEX; Schema: public; Owner: postgres
--

CREATE INDEX events_event_project_managers_employee_id_aee9a470 ON public.events_event_project_managers USING btree (employee_id);


--
-- Name: events_event_project_managers_event_id_79e1dff8; Type: INDEX; Schema: public; Owner: postgres
--

CREATE INDEX events_event_project_managers_event_id_79e1dff8 ON public.events_event_project_managers USING btree (event_id);


--
-- Name: events_event_seller_id_671947a1; Type: INDEX; Schema: public; Owner: postgres
--

CREATE INDEX events_event_seller_id_671947a1 ON public.events_event USING btree (seller_id);


--
-- Name: auth_group_permissions auth_group_permissio_permission_id_84c5c92e_fk_auth_perm; Type: FK CONSTRAINT; Schema: public; Owner: postgres
--

ALTER TABLE ONLY public.auth_group_permissions
    ADD CONSTRAINT auth_group_permissio_permission_id_84c5c92e_fk_auth_perm FOREIGN KEY (permission_id) REFERENCES public.auth_permission(id) DEFERRABLE INITIALLY DEFERRED;


--
-- Name: auth_group_permissions auth_group_permissions_group_id_b120cbf9_fk_auth_group_id; Type: FK CONSTRAINT; Schema: public; Owner: postgres
--

ALTER TABLE ONLY public.auth_group_permissions
    ADD CONSTRAINT auth_group_permissions_group_id_b120cbf9_fk_auth_group_id FOREIGN KEY (group_id) REFERENCES public.auth_group(id) DEFERRABLE INITIALLY DEFERRED;


--
-- Name: auth_permission auth_permission_content_type_id_2f476e4b_fk_django_co; Type: FK CONSTRAINT; Schema: public; Owner: postgres
--

ALTER TABLE ONLY public.auth_permission
    ADD CONSTRAINT auth_permission_content_type_id_2f476e4b_fk_django_co FOREIGN KEY (content_type_id) REFERENCES public.django_content_type(id) DEFERRABLE INITIALLY DEFERRED;


--
-- Name: auth_user_groups auth_user_groups_group_id_97559544_fk_auth_group_id; Type: FK CONSTRAINT; Schema: public; Owner: postgres
--

ALTER TABLE ONLY public.auth_user_groups
    ADD CONSTRAINT auth_user_groups_group_id_97559544_fk_auth_group_id FOREIGN KEY (group_id) REFERENCES public.auth_group(id) DEFERRABLE INITIALLY DEFERRED;


--
-- Name: auth_user_groups auth_user_groups_user_id_6a12ed8b_fk_auth_user_id; Type: FK CONSTRAINT; Schema: public; Owner: postgres
--

ALTER TABLE ONLY public.auth_user_groups
    ADD CONSTRAINT auth_user_groups_user_id_6a12ed8b_fk_auth_user_id FOREIGN KEY (user_id) REFERENCES public.auth_user(id) DEFERRABLE INITIALLY DEFERRED;


--
-- Name: auth_user_user_permissions auth_user_user_permi_permission_id_1fbb5f2c_fk_auth_perm; Type: FK CONSTRAINT; Schema: public; Owner: postgres
--

ALTER TABLE ONLY public.auth_user_user_permissions
    ADD CONSTRAINT auth_user_user_permi_permission_id_1fbb5f2c_fk_auth_perm FOREIGN KEY (permission_id) REFERENCES public.auth_permission(id) DEFERRABLE INITIALLY DEFERRED;


--
-- Name: auth_user_user_permissions auth_user_user_permissions_user_id_a95ead1b_fk_auth_user_id; Type: FK CONSTRAINT; Schema: public; Owner: postgres
--

ALTER TABLE ONLY public.auth_user_user_permissions
    ADD CONSTRAINT auth_user_user_permissions_user_id_a95ead1b_fk_auth_user_id FOREIGN KEY (user_id) REFERENCES public.auth_user(id) DEFERRABLE INITIALLY DEFERRED;


--
-- Name: django_admin_log django_admin_log_content_type_id_c4bce8eb_fk_django_co; Type: FK CONSTRAINT; Schema: public; Owner: postgres
--

ALTER TABLE ONLY public.django_admin_log
    ADD CONSTRAINT django_admin_log_content_type_id_c4bce8eb_fk_django_co FOREIGN KEY (content_type_id) REFERENCES public.django_content_type(id) DEFERRABLE INITIALLY DEFERRED;


--
-- Name: django_admin_log django_admin_log_user_id_c564eba6_fk_auth_user_id; Type: FK CONSTRAINT; Schema: public; Owner: postgres
--

ALTER TABLE ONLY public.django_admin_log
    ADD CONSTRAINT django_admin_log_user_id_c564eba6_fk_auth_user_id FOREIGN KEY (user_id) REFERENCES public.auth_user(id) DEFERRABLE INITIALLY DEFERRED;


--
-- Name: events_assignment events_assignment_client_id_70c772af_fk_events_client_id; Type: FK CONSTRAINT; Schema: public; Owner: postgres
--

ALTER TABLE ONLY public.events_assignment
    ADD CONSTRAINT events_assignment_client_id_70c772af_fk_events_client_id FOREIGN KEY (client_id) REFERENCES public.events_client(id) DEFERRABLE INITIALLY DEFERRED;


--
-- Name: events_assignment events_assignment_employee_id_6fbc0ccf_fk_events_employee_id; Type: FK CONSTRAINT; Schema: public; Owner: postgres
--

ALTER TABLE ONLY public.events_assignment
    ADD CONSTRAINT events_assignment_employee_id_6fbc0ccf_fk_events_employee_id FOREIGN KEY (employee_id) REFERENCES public.events_employee(id) DEFERRABLE INITIALLY DEFERRED;


--
-- Name: events_assignment events_assignment_event_id_082e2223_fk_events_event_id; Type: FK CONSTRAINT; Schema: public; Owner: postgres
--

ALTER TABLE ONLY public.events_assignment
    ADD CONSTRAINT events_assignment_event_id_082e2223_fk_events_event_id FOREIGN KEY (event_id) REFERENCES public.events_event(id) DEFERRABLE INITIALLY DEFERRED;


--
-- Name: events_event_clients events_event_clients_client_id_9d0a9de3_fk_events_client_id; Type: FK CONSTRAINT; Schema: public; Owner: postgres
--

ALTER TABLE ONLY public.events_event_clients
    ADD CONSTRAINT events_event_clients_client_id_9d0a9de3_fk_events_client_id FOREIGN KEY (client_id) REFERENCES public.events_client(id) DEFERRABLE INITIALLY DEFERRED;


--
-- Name: events_event_clients events_event_clients_event_id_964b51f9_fk_events_event_id; Type: FK CONSTRAINT; Schema: public; Owner: postgres
--

ALTER TABLE ONLY public.events_event_clients
    ADD CONSTRAINT events_event_clients_event_id_964b51f9_fk_events_event_id FOREIGN KEY (event_id) REFERENCES public.events_event(id) DEFERRABLE INITIALLY DEFERRED;


--
-- Name: events_event events_event_place_id_61ecc581_fk_events_place_id; Type: FK CONSTRAINT; Schema: public; Owner: postgres
--

ALTER TABLE ONLY public.events_event
    ADD CONSTRAINT events_event_place_id_61ecc581_fk_events_place_id FOREIGN KEY (place_id) REFERENCES public.events_place(id) DEFERRABLE INITIALLY DEFERRED;


--
-- Name: events_event_project_managers events_event_project_employee_id_aee9a470_fk_events_em; Type: FK CONSTRAINT; Schema: public; Owner: postgres
--

ALTER TABLE ONLY public.events_event_project_managers
    ADD CONSTRAINT events_event_project_employee_id_aee9a470_fk_events_em FOREIGN KEY (employee_id) REFERENCES public.events_employee(id) DEFERRABLE INITIALLY DEFERRED;


--
-- Name: events_event_project_managers events_event_project_event_id_79e1dff8_fk_events_ev; Type: FK CONSTRAINT; Schema: public; Owner: postgres
--

ALTER TABLE ONLY public.events_event_project_managers
    ADD CONSTRAINT events_event_project_event_id_79e1dff8_fk_events_ev FOREIGN KEY (event_id) REFERENCES public.events_event(id) DEFERRABLE INITIALLY DEFERRED;


--
-- Name: events_event events_event_seller_id_671947a1_fk_events_employee_id; Type: FK CONSTRAINT; Schema: public; Owner: postgres
--

ALTER TABLE ONLY public.events_event
    ADD CONSTRAINT events_event_seller_id_671947a1_fk_events_employee_id FOREIGN KEY (seller_id) REFERENCES public.events_employee(id) DEFERRABLE INITIALLY DEFERRED;


--
-- PostgreSQL database dump complete
--

